#ifndef UNICODE
#define UNICODE
#endif
#ifndef _UNICODE
#define _UNICODE
#endif
#define _WIN32_WINNT 0x0A00
#define WIN32_LEAN_AND_MEAN
#define NOMINMAX
#include <windows.h>
#include <winsvc.h>
#include <shellapi.h>
#include <shlobj.h>
#include <sddl.h>
#include <strsafe.h>
#include <string>
#include <vector>
#include <cstring>
#include <new>

#ifndef _WIN64
#error Build for x64, not Win32/x86.
#endif
#ifdef _MSC_VER
#pragma comment(lib, "advapi32.lib")
#pragma comment(lib, "shell32.lib")
#pragma comment(lib, "user32.lib")
#pragma comment(lib, "gdi32.lib")
#pragma comment(lib, "ole32.lib")
#pragma comment(lib, "uuid.lib")
#pragma comment(linker, "/SUBSYSTEM:WINDOWS")
#pragma comment(linker, "/MANIFEST:EMBED")
#pragma comment(linker, "/MANIFESTUAC:\"level='asInvoker' uiAccess='false'\"")
#endif

// BEGIN ORIGINAL SIGNED DRIVER BYTES
static const unsigned char kDriver[] = {
    0x4d, 0x5a, 0x90, 0x00, 0x03, 0x00, 0x00, 0x00, 0x04, 0x00, 0x00, 0x00, 0xff, 0xff, 0x00, 0x00,
    0xb8, 0x00, 0x00, 0x00, 0x00, 0x00, 0x00, 0x00, 0x40, 0x00, 0x00, 0x00, 0x00, 0x00, 0x00, 0x00,
    0x00, 0x00, 0x00, 0x00, 0x00, 0x00, 0x00, 0x00, 0x00, 0x00, 0x00, 0x00, 0x00, 0x00, 0x00, 0x00,
    0x00, 0x00, 0x00, 0x00, 0x00, 0x00, 0x00, 0x00, 0x00, 0x00, 0x00, 0x00, 0xe8, 0x00, 0x00, 0x00,
    0x0e, 0x1f, 0xba, 0x0e, 0x00, 0xb4, 0x09, 0xcd, 0x21, 0xb8, 0x01, 0x4c, 0xcd, 0x21, 0x54, 0x68,
    0x69, 0x73, 0x20, 0x70, 0x72, 0x6f, 0x67, 0x72, 0x61, 0x6d, 0x20, 0x63, 0x61, 0x6e, 0x6e, 0x6f,
    0x74, 0x20, 0x62, 0x65, 0x20, 0x72, 0x75, 0x6e, 0x20, 0x69, 0x6e, 0x20, 0x44, 0x4f, 0x53, 0x20,
    0x6d, 0x6f, 0x64, 0x65, 0x2e, 0x0d, 0x0d, 0x0a, 0x24, 0x00, 0x00, 0x00, 0x00, 0x00, 0x00, 0x00,
    0x50, 0x85, 0x1f, 0x82, 0x14, 0xe4, 0x71, 0xd1, 0x14, 0xe4, 0x71, 0xd1, 0x14, 0xe4, 0x71, 0xd1,
    0x14, 0xe4, 0x70, 0xd1, 0x3e, 0xe4, 0x71, 0xd1, 0x33, 0x22, 0x0a, 0xd1, 0x11, 0xe4, 0x71, 0xd1,
    0x33, 0x22, 0x0c, 0xd1, 0x17, 0xe4, 0x71, 0xd1, 0x33, 0x22, 0x1c, 0xd1, 0x17, 0xe4, 0x71, 0xd1,
    0x33, 0x22, 0x03, 0xd1, 0x18, 0xe4, 0x71, 0xd1, 0x33, 0x22, 0x0d, 0xd1, 0x15, 0xe4, 0x71, 0xd1,
    0x33, 0x22, 0x09, 0xd1, 0x15, 0xe4, 0x71, 0xd1, 0x52, 0x69, 0x63, 0x68, 0x14, 0xe4, 0x71, 0xd1,
    0x00, 0x00, 0x00, 0x00, 0x00, 0x00, 0x00, 0x00, 0x00, 0x00, 0x00, 0x00, 0x00, 0x00, 0x00, 0x00,
    0x00, 0x00, 0x00, 0x00, 0x00, 0x00, 0x00, 0x00, 0x50, 0x45, 0x00, 0x00, 0x64, 0x86, 0x07, 0x00,
    0xce, 0xb8, 0xb3, 0x54, 0x00, 0x00, 0x00, 0x00, 0x00, 0x00, 0x00, 0x00, 0xf0, 0x00, 0x22, 0x00,
    0x0b, 0x02, 0x08, 0x00, 0x00, 0x20, 0x00, 0x00, 0x00, 0x10, 0x00, 0x00, 0x00, 0x00, 0x00, 0x00,
    0x08, 0x60, 0x00, 0x00, 0x00, 0x10, 0x00, 0x00, 0x00, 0x00, 0x01, 0x00, 0x00, 0x00, 0x00, 0x00,
    0x00, 0x10, 0x00, 0x00, 0x00, 0x02, 0x00, 0x00, 0x06, 0x00, 0x00, 0x00, 0x06, 0x00, 0x00, 0x00,
    0x06, 0x00, 0x00, 0x00, 0x00, 0x00, 0x00, 0x00, 0x00, 0x90, 0x00, 0x00, 0x00, 0x04, 0x00, 0x00,
    0x01, 0xd3, 0x00, 0x00, 0x01, 0x00, 0x00, 0x00, 0x00, 0x00, 0x04, 0x00, 0x00, 0x00, 0x00, 0x00,
    0x00, 0x10, 0x00, 0x00, 0x00, 0x00, 0x00, 0x00, 0x00, 0x00, 0x10, 0x00, 0x00, 0x00, 0x00, 0x00,
    0x00, 0x10, 0x00, 0x00, 0x00, 0x00, 0x00, 0x00, 0x00, 0x00, 0x00, 0x00, 0x10, 0x00, 0x00, 0x00,
    0x00, 0x00, 0x00, 0x00, 0x00, 0x00, 0x00, 0x00, 0x64, 0x60, 0x00, 0x00, 0x3c, 0x00, 0x00, 0x00,
    0x00, 0x70, 0x00, 0x00, 0x50, 0x04, 0x00, 0x00, 0x00, 0x50, 0x00, 0x00, 0x5c, 0x01, 0x00, 0x00,
    0x00, 0x34, 0x00, 0x00, 0xf0, 0x1e, 0x00, 0x00, 0x00, 0x80, 0x00, 0x00, 0x44, 0x00, 0x00, 0x00,
    0xf0, 0x30, 0x00, 0x00, 0x1c, 0x00, 0x00, 0x00, 0x00, 0x00, 0x00, 0x00, 0x00, 0x00, 0x00, 0x00,
    0x00, 0x00, 0x00, 0x00, 0x00, 0x00, 0x00, 0x00, 0x00, 0x00, 0x00, 0x00, 0x00, 0x00, 0x00, 0x00,
    0x00, 0x00, 0x00, 0x00, 0x00, 0x00, 0x00, 0x00, 0x00, 0x00, 0x00, 0x00, 0x00, 0x00, 0x00, 0x00,
    0x00, 0x30, 0x00, 0x00, 0xe8, 0x00, 0x00, 0x00, 0x00, 0x00, 0x00, 0x00, 0x00, 0x00, 0x00, 0x00,
    0x00, 0x00, 0x00, 0x00, 0x00, 0x00, 0x00, 0x00, 0x00, 0x00, 0x00, 0x00, 0x00, 0x00, 0x00, 0x00,
    0x2e, 0x74, 0x65, 0x78, 0x74, 0x00, 0x00, 0x00, 0x1a, 0x18, 0x00, 0x00, 0x00, 0x10, 0x00, 0x00,
    0x00, 0x1a, 0x00, 0x00, 0x00, 0x04, 0x00, 0x00, 0x00, 0x00, 0x00, 0x00, 0x00, 0x00, 0x00, 0x00,
    0x00, 0x00, 0x00, 0x00, 0x20, 0x00, 0x00, 0x68, 0x2e, 0x72, 0x64, 0x61, 0x74, 0x61, 0x00, 0x00,
    0x3c, 0x03, 0x00, 0x00, 0x00, 0x30, 0x00, 0x00, 0x00, 0x04, 0x00, 0x00, 0x00, 0x1e, 0x00, 0x00,
    0x00, 0x00, 0x00, 0x00, 0x00, 0x00, 0x00, 0x00, 0x00, 0x00, 0x00, 0x00, 0x40, 0x00, 0x00, 0x48,
    0x2e, 0x64, 0x61, 0x74, 0x61, 0x00, 0x00, 0x00, 0x38, 0x01, 0x00, 0x00, 0x00, 0x40, 0x00, 0x00,
    0x00, 0x02, 0x00, 0x00, 0x00, 0x22, 0x00, 0x00, 0x00, 0x00, 0x00, 0x00, 0x00, 0x00, 0x00, 0x00,
    0x00, 0x00, 0x00, 0x00, 0x40, 0x00, 0x00, 0xc8, 0x2e, 0x70, 0x64, 0x61, 0x74, 0x61, 0x00, 0x00,
    0x5c, 0x01, 0x00, 0x00, 0x00, 0x50, 0x00, 0x00, 0x00, 0x02, 0x00, 0x00, 0x00, 0x24, 0x00, 0x00,
    0x00, 0x00, 0x00, 0x00, 0x00, 0x00, 0x00, 0x00, 0x00, 0x00, 0x00, 0x00, 0x40, 0x00, 0x00, 0x48,
    0x49, 0x4e, 0x49, 0x54, 0x00, 0x00, 0x00, 0x00, 0x04, 0x04, 0x00, 0x00, 0x00, 0x60, 0x00, 0x00,
    0x00, 0x06, 0x00, 0x00, 0x00, 0x26, 0x00, 0x00, 0x00, 0x00, 0x00, 0x00, 0x00, 0x00, 0x00, 0x00,
    0x00, 0x00, 0x00, 0x00, 0x20, 0x00, 0x00, 0xe2, 0x2e, 0x72, 0x73, 0x72, 0x63, 0x00, 0x00, 0x00,
    0x50, 0x04, 0x00, 0x00, 0x00, 0x70, 0x00, 0x00, 0x00, 0x06, 0x00, 0x00, 0x00, 0x2c, 0x00, 0x00,
    0x00, 0x00, 0x00, 0x00, 0x00, 0x00, 0x00, 0x00, 0x00, 0x00, 0x00, 0x00, 0x40, 0x00, 0x00, 0x42,
    0x2e, 0x72, 0x65, 0x6c, 0x6f, 0x63, 0x00, 0x00, 0x8a, 0x00, 0x00, 0x00, 0x00, 0x80, 0x00, 0x00,
    0x00, 0x02, 0x00, 0x00, 0x00, 0x32, 0x00, 0x00, 0x00, 0x00, 0x00, 0x00, 0x00, 0x00, 0x00, 0x00,
    0x00, 0x00, 0x00, 0x00, 0x40, 0x00, 0x00, 0x42, 0x00, 0x00, 0x00, 0x00, 0x00, 0x00, 0x00, 0x00,
    0x00, 0x00, 0x00, 0x00, 0x00, 0x00, 0x00, 0x00, 0x00, 0x00, 0x00, 0x00, 0x00, 0x00, 0x00, 0x00,
    0x00, 0x00, 0x00, 0x00, 0x00, 0x00, 0x00, 0x00, 0x00, 0x00, 0x00, 0x00, 0x00, 0x00, 0x00, 0x00,
    0x00, 0x00, 0x00, 0x00, 0x00, 0x00, 0x00, 0x00, 0x00, 0x00, 0x00, 0x00, 0x00, 0x00, 0x00, 0x00,
    0x00, 0x00, 0x00, 0x00, 0x00, 0x00, 0x00, 0x00, 0x00, 0x00, 0x00, 0x00, 0x00, 0x00, 0x00, 0x00,
    0x00, 0x00, 0x00, 0x00, 0x00, 0x00, 0x00, 0x00, 0x00, 0x00, 0x00, 0x00, 0x00, 0x00, 0x00, 0x00,
    0x00, 0x00, 0x00, 0x00, 0x00, 0x00, 0x00, 0x00, 0x00, 0x00, 0x00, 0x00, 0x00, 0x00, 0x00, 0x00,
    0x00, 0x00, 0x00, 0x00, 0x00, 0x00, 0x00, 0x00, 0x00, 0x00, 0x00, 0x00, 0x00, 0x00, 0x00, 0x00,
    0x00, 0x00, 0x00, 0x00, 0x00, 0x00, 0x00, 0x00, 0x00, 0x00, 0x00, 0x00, 0x00, 0x00, 0x00, 0x00,
    0x00, 0x00, 0x00, 0x00, 0x00, 0x00, 0x00, 0x00, 0x00, 0x00, 0x00, 0x00, 0x00, 0x00, 0x00, 0x00,
    0x00, 0x00, 0x00, 0x00, 0x00, 0x00, 0x00, 0x00, 0x00, 0x00, 0x00, 0x00, 0x00, 0x00, 0x00, 0x00,
    0x00, 0x00, 0x00, 0x00, 0x00, 0x00, 0x00, 0x00, 0x00, 0x00, 0x00, 0x00, 0x00, 0x00, 0x00, 0x00,
    0x00, 0x00, 0x00, 0x00, 0x00, 0x00, 0x00, 0x00, 0x00, 0x00, 0x00, 0x00, 0x00, 0x00, 0x00, 0x00,
    0x00, 0x00, 0x00, 0x00, 0x00, 0x00, 0x00, 0x00, 0x00, 0x00, 0x00, 0x00, 0x00, 0x00, 0x00, 0x00,
    0x00, 0x00, 0x00, 0x00, 0x00, 0x00, 0x00, 0x00, 0x00, 0x00, 0x00, 0x00, 0x00, 0x00, 0x00, 0x00,
    0x00, 0x00, 0x00, 0x00, 0x00, 0x00, 0x00, 0x00, 0x00, 0x00, 0x00, 0x00, 0x00, 0x00, 0x00, 0x00,
    0x00, 0x00, 0x00, 0x00, 0x00, 0x00, 0x00, 0x00, 0x40, 0x53, 0x48, 0x83, 0xec, 0x20, 0xf6, 0xc2,
    0x01, 0x48, 0x8d, 0x05, 0x70, 0x21, 0x00, 0x00, 0x48, 0x8b, 0xd9, 0x48, 0x89, 0x01, 0x74, 0x08,
    0x33, 0xd2, 0xff, 0x15, 0x80, 0x20, 0x00, 0x00, 0x48, 0x8b, 0xc3, 0x48, 0x83, 0xc4, 0x20, 0x5b,
    0xc3, 0xcc, 0xcc, 0xcc, 0xcc, 0xcc, 0xcc, 0xcc, 0x48, 0x89, 0x5c, 0x24, 0x08, 0x48, 0x89, 0x74,
    0x24, 0x10, 0x57, 0x48, 0x83, 0xec, 0x20, 0x48, 0x83, 0x79, 0x18, 0x00, 0x48, 0x8b, 0xf1, 0x74,
    0x07, 0xb8, 0x01, 0x00, 0x00, 0xc0, 0xeb, 0x6a, 0xbf, 0x58, 0x03, 0x00, 0x00, 0x41, 0xb8, 0x4b,
    0x6e, 0x4b, 0x6e, 0x33, 0xc9, 0x48, 0x8b, 0xd7, 0xff, 0x15, 0x32, 0x20, 0x00, 0x00, 0x48, 0x85,
    0xc0, 0x48, 0x8b, 0xd8, 0x74, 0x1a, 0x4c, 0x8b, 0xc7, 0x33, 0xd2, 0x48, 0x8b, 0xc8, 0xe8, 0x1d,
    0x16, 0x00, 0x00, 0x48, 0x8b, 0xcb, 0xe8, 0x89, 0x00, 0x00, 0x00, 0x48, 0x8b, 0xd8, 0xeb, 0x02,
    0x33, 0xdb, 0x48, 0x85, 0xdb, 0x75, 0x07, 0xbf, 0x9a, 0x00, 0x00, 0xc0, 0xeb, 0x22, 0x48, 0x8b,
    0xcb, 0xe8, 0x6e, 0x02, 0x00, 0x00, 0x85, 0xc0, 0x8b, 0xf8, 0x74, 0x10, 0x4c, 0x8b, 0x03, 0xba,
    0x01, 0x00, 0x00, 0x00, 0x48, 0x8b, 0xcb, 0x41, 0xff, 0x10, 0xeb, 0x04, 0x48, 0x89, 0x5e, 0x18,
    0x8b, 0xc7, 0x48, 0x8b, 0x5c, 0x24, 0x30, 0x48, 0x8b, 0x74, 0x24, 0x38, 0x48, 0x83, 0xc4, 0x20,
    0x5f, 0xc3, 0xcc, 0xcc, 0xcc, 0xcc, 0xcc, 0xcc, 0x40, 0x53, 0x48, 0x83, 0xec, 0x20, 0x48, 0x8b,
    0xd9, 0x48, 0x8b, 0x49, 0x18, 0x48, 0x85, 0xc9, 0x74, 0x0f, 0x48, 0x8b, 0x01, 0xba, 0x01, 0x00,
    0x00, 0x00, 0xff, 0x10, 0x48, 0x83, 0x63, 0x18, 0x00, 0x48, 0x83, 0xc4, 0x20, 0x5b, 0xc3, 0xcc,
    0xcc, 0xcc, 0xcc, 0xcc, 0xcc, 0xcc, 0xcc, 0xcc, 0xb8, 0x01, 0x00, 0x00, 0xc0, 0xc3, 0xcc, 0xcc,
    0xcc, 0xcc, 0xcc, 0xcc, 0x48, 0x89, 0x5c, 0x24, 0x08, 0x48, 0x89, 0x74, 0x24, 0x10, 0x57, 0x48,
    0x83, 0xec, 0x20, 0x48, 0x8d, 0x05, 0x06, 0x20, 0x00, 0x00, 0x33, 0xf6, 0x48, 0x8b, 0xf9, 0x48,
    0x89, 0x01, 0x48, 0x89, 0x71, 0x08, 0x48, 0x89, 0xb1, 0x60, 0x02, 0x00, 0x00, 0x48, 0x8d, 0x81,
    0x68, 0x02, 0x00, 0x00, 0x33, 0xd2, 0x48, 0x89, 0x40, 0x08, 0x48, 0x89, 0x00, 0x48, 0x8d, 0x81,
    0x78, 0x02, 0x00, 0x00, 0x48, 0x81, 0xc1, 0x90, 0x02, 0x00, 0x00, 0x48, 0x89, 0x40, 0x08, 0x48,
    0x89, 0x00, 0xff, 0x15, 0xb8, 0x1e, 0x00, 0x00, 0x48, 0x8d, 0x8f, 0xd0, 0x02, 0x00, 0x00, 0x48,
    0x89, 0xb7, 0xc8, 0x02, 0x00, 0x00, 0xff, 0x15, 0x14, 0x1f, 0x00, 0x00, 0x48, 0x8d, 0x8f, 0x10,
    0x03, 0x00, 0x00, 0x44, 0x8d, 0x46, 0x40, 0x33, 0xd2, 0xe8, 0x12, 0x15, 0x00, 0x00, 0x48, 0x8d,
    0x4f, 0x44, 0x33, 0xd2, 0x41, 0xb8, 0x90, 0x01, 0x00, 0x00, 0x40, 0x88, 0x77, 0x10, 0x89, 0x77,
    0x14, 0x89, 0x77, 0x18, 0x48, 0x89, 0x77, 0x20, 0x89, 0x77, 0x28, 0x40, 0x88, 0x77, 0x2c, 0x40,
    0x88, 0x77, 0x2d, 0x40, 0x88, 0x77, 0x2e, 0x40, 0x88, 0x77, 0x2f, 0x89, 0x77, 0x30, 0x89, 0x77,
    0x34, 0x89, 0x77, 0x38, 0x89, 0x77, 0x3c, 0x89, 0x77, 0x40, 0xe8, 0xd1, 0x14, 0x00, 0x00, 0x48,
    0x8d, 0x8f, 0xd8, 0x01, 0x00, 0x00, 0x33, 0xd2, 0x41, 0xb8, 0x80, 0x00, 0x00, 0x00, 0xe8, 0xbd,
    0x14, 0x00, 0x00, 0x48, 0x8d, 0x8f, 0x10, 0x03, 0x00, 0x00, 0x48, 0x8d, 0x15, 0x1f, 0x07, 0x00,
    0x00, 0x4c, 0x8b, 0xc7, 0x89, 0xb7, 0xd4, 0x01, 0x00, 0x00, 0x48, 0x89, 0xb7, 0x58, 0x02, 0x00,
    0x00, 0x48, 0x89, 0xb7, 0x88, 0x02, 0x00, 0x00, 0xff, 0x15, 0x52, 0x1e, 0x00, 0x00, 0x48, 0x8b,
    0x5c, 0x24, 0x30, 0x40, 0x88, 0xb7, 0x50, 0x03, 0x00, 0x00, 0x48, 0x8b, 0x74, 0x24, 0x38, 0x48,
    0x8b, 0xc7, 0x48, 0x83, 0xc4, 0x20, 0x5f, 0xc3, 0xcc, 0xcc, 0xcc, 0xcc, 0xcc, 0xcc, 0xcc, 0xcc,
    0x48, 0x89, 0x5c, 0x24, 0x08, 0x57, 0x48, 0x83, 0xec, 0x20, 0x8b, 0xda, 0x48, 0x8b, 0xf9, 0xe8,
    0x2c, 0x00, 0x00, 0x00, 0xf6, 0xc3, 0x01, 0x74, 0x10, 0x48, 0x85, 0xff, 0x74, 0x0b, 0x33, 0xd2,
    0x48, 0x8b, 0xcf, 0xff, 0x15, 0x4f, 0x1e, 0x00, 0x00, 0x48, 0x8b, 0xc7, 0x48, 0x8b, 0x5c, 0x24,
    0x30, 0x48, 0x83, 0xc4, 0x20, 0x5f, 0xc3, 0xcc, 0xcc, 0xcc, 0xcc, 0xcc, 0xcc, 0xcc, 0xcc, 0xcc,
    0x48, 0x89, 0x5c, 0x24, 0x08, 0x48, 0x89, 0x74, 0x24, 0x10, 0x57, 0x48, 0x83, 0xec, 0x30, 0x48,
    0x8d, 0x05, 0xaa, 0x1e, 0x00, 0x00, 0x48, 0x8b, 0xf1, 0x48, 0x89, 0x01, 0x48, 0x81, 0xc1, 0xc8,
    0x02, 0x00, 0x00, 0xff, 0x15, 0xd7, 0x1d, 0x00, 0x00, 0x48, 0x8d, 0x8e, 0xd0, 0x02, 0x00, 0x00,
    0xc6, 0x86, 0x50, 0x03, 0x00, 0x00, 0x00, 0x8a, 0xd8, 0xff, 0x15, 0x69, 0x1d, 0x00, 0x00, 0x48,
    0x8d, 0x8e, 0xc8, 0x02, 0x00, 0x00, 0x8a, 0xd3, 0xff, 0x15, 0x92, 0x1d, 0x00, 0x00, 0x48, 0x8d,
    0x15, 0xcb, 0x14, 0x00, 0x00, 0x48, 0x8d, 0x4c, 0x24, 0x20, 0xff, 0x15, 0x60, 0x1d, 0x00, 0x00,
    0x48, 0x8d, 0x4c, 0x24, 0x20, 0xff, 0x15, 0x5d, 0x1d, 0x00, 0x00, 0x48, 0x8b, 0x4e, 0x08, 0x48,
    0x85, 0xc9, 0x74, 0x13, 0x48, 0x8b, 0x41, 0x40, 0x48, 0x83, 0x20, 0x00, 0x48, 0x83, 0x66, 0x08,
    0x00, 0xff, 0x15, 0xc9, 0x1d, 0x00, 0x00, 0x48, 0x8b, 0xce, 0x48, 0x8b, 0x5c, 0x24, 0x40, 0x48,
    0x8b, 0x74, 0x24, 0x48, 0x48, 0x83, 0xc4, 0x30, 0x5f, 0xe9, 0x42, 0x0e, 0x00, 0x00, 0xcc, 0xcc,
    0xcc, 0xcc, 0xcc, 0xcc, 0x48, 0x89, 0x5c, 0x24, 0x08, 0x57, 0x48, 0x83, 0xec, 0x60, 0x48, 0x8b,
    0xd9, 0x48, 0x8d, 0x15, 0xb8, 0x14, 0x00, 0x00, 0x48, 0x8d, 0x4c, 0x24, 0x40, 0xff, 0x15, 0xfd,
    0x1c, 0x00, 0x00, 0x48, 0x8d, 0x15, 0x56, 0x14, 0x00, 0x00, 0x48, 0x8d, 0x4c, 0x24, 0x50, 0xff,
    0x15, 0xeb, 0x1c, 0x00, 0x00, 0x48, 0x8b, 0x05, 0xe4, 0x2d, 0x00, 0x00, 0x48, 0x83, 0x64, 0x24,
    0x78, 0x00, 0x48, 0x8d, 0x4c, 0x24, 0x78, 0x4c, 0x8d, 0x44, 0x24, 0x40, 0x41, 0xb9, 0x77, 0x81,
    0x00, 0x00, 0x48, 0x89, 0x4c, 0x24, 0x30, 0x48, 0x8b, 0x48, 0x08, 0xba, 0x08, 0x00, 0x00, 0x00,
    0xc6, 0x44, 0x24, 0x28, 0x00, 0xc7, 0x44, 0x24, 0x20, 0x00, 0x01, 0x00, 0x00, 0xff, 0x15, 0x35,
    0x1d, 0x00, 0x00, 0x85, 0xc0, 0x75, 0x5b, 0x48, 0x8b, 0x44, 0x24, 0x78, 0x48, 0x8b, 0x48, 0x40,
    0x48, 0x89, 0x19, 0x48, 0x8b, 0x44, 0x24, 0x78, 0x48, 0x89, 0x43, 0x08, 0x33, 0xc0, 0x85, 0xc0,
    0x75, 0x40, 0x48, 0x8d, 0x54, 0x24, 0x40, 0x48, 0x8d, 0x4c, 0x24, 0x50, 0xff, 0x15, 0x96, 0x1c,
    0x00, 0x00, 0x85, 0xc0, 0x8b, 0xf8, 0x74, 0x20, 0x48, 0x8b, 0x4b, 0x08, 0x48, 0x85, 0xc9, 0x74,
    0x13, 0x48, 0x8b, 0x51, 0x40, 0x48, 0x83, 0x22, 0x00, 0x48, 0x83, 0x63, 0x08, 0x00, 0xff, 0x15,
    0xec, 0x1c, 0x00, 0x00, 0x8b, 0xc7, 0xeb, 0x0a, 0x48, 0x8b, 0x43, 0x08, 0x83, 0x48, 0x30, 0x10,
    0x33, 0xc0, 0x48, 0x8b, 0x5c, 0x24, 0x70, 0x48, 0x83, 0xc4, 0x60, 0x5f, 0xc3, 0xcc, 0xcc, 0xcc,
    0xcc, 0xcc, 0xcc, 0xcc, 0x48, 0x8b, 0xc4, 0x48, 0x89, 0x58, 0x08, 0x48, 0x89, 0x68, 0x10, 0x48,
    0x89, 0x70, 0x18, 0x48, 0x89, 0x78, 0x20, 0x41, 0x54, 0x48, 0x83, 0xec, 0x30, 0x48, 0x83, 0x60,
    0xe8, 0x00, 0x4c, 0x8b, 0xe2, 0x48, 0x8b, 0xe9, 0x33, 0xd2, 0x48, 0x81, 0xc1, 0x90, 0x02, 0x00,
    0x00, 0x45, 0x33, 0xc9, 0x45, 0x33, 0xc0, 0xff, 0x15, 0x2b, 0x1c, 0x00, 0x00, 0x48, 0x8d, 0x8d,
    0xc8, 0x02, 0x00, 0x00, 0xff, 0x15, 0x36, 0x1c, 0x00, 0x00, 0x48, 0x8d, 0x8d, 0xd0, 0x02, 0x00,
    0x00, 0xc6, 0x85, 0x50, 0x03, 0x00, 0x00, 0x00, 0x40, 0x8a, 0xf8, 0xff, 0x15, 0xc7, 0x1b, 0x00,
    0x00, 0x48, 0x8b, 0xcd, 0xe8, 0xab, 0x05, 0x00, 0x00, 0x48, 0x8d, 0x8d, 0xc8, 0x02, 0x00, 0x00,
    0x40, 0x8a, 0xd7, 0xff, 0x15, 0xe7, 0x1b, 0x00, 0x00, 0x33, 0xd2, 0x33, 0xc9, 0xff, 0x15, 0x0d,
    0x1c, 0x00, 0x00, 0x41, 0x83, 0x64, 0x24, 0x30, 0x00, 0x49, 0x83, 0x64, 0x24, 0x38, 0x00, 0x33,
    0xd2, 0x49, 0x8b, 0xcc, 0xff, 0x15, 0x86, 0x1b, 0x00, 0x00, 0x48, 0x8d, 0x8d, 0x90, 0x02, 0x00,
    0x00, 0x33, 0xd2, 0xff, 0x15, 0xcf, 0x1b, 0x00, 0x00, 0x48, 0x8b, 0x5c, 0x24, 0x40, 0x48, 0x8b,
    0x6c, 0x24, 0x48, 0x48, 0x8b, 0x74, 0x24, 0x50, 0x48, 0x8b, 0x7c, 0x24, 0x58, 0x33, 0xc0, 0x48,
    0x83, 0xc4, 0x30, 0x41, 0x5c, 0xc3, 0xcc, 0xcc, 0xcc, 0xcc, 0xcc, 0xcc, 0x48, 0x83, 0xec, 0x28,
    0x83, 0x62, 0x30, 0x00, 0x48, 0x83, 0x62, 0x38, 0x00, 0x48, 0x8b, 0xca, 0x33, 0xd2, 0xff, 0x15,
    0x3c, 0x1b, 0x00, 0x00, 0x33, 0xc0, 0x48, 0x83, 0xc4, 0x28, 0xc3, 0xcc, 0xcc, 0xcc, 0xcc, 0xcc,
    0xcc, 0xcc, 0xcc, 0xcc, 0x48, 0x8b, 0xc4, 0x48, 0x89, 0x58, 0x08, 0x48, 0x89, 0x68, 0x18, 0x48,
    0x89, 0x50, 0x10, 0x56, 0x57, 0x41, 0x54, 0x41, 0x55, 0x41, 0x56, 0x48, 0x83, 0xec, 0x30, 0x48,
    0x8d, 0x99, 0x90, 0x02, 0x00, 0x00, 0x48, 0x8b, 0xea, 0x4c, 0x8b, 0xe9, 0x45, 0x33, 0xe4, 0x45,
    0x33, 0xc9, 0x45, 0x33, 0xc0, 0x48, 0x8b, 0xcb, 0x33, 0xd2, 0x4c, 0x89, 0x60, 0xc8, 0xff, 0x15,
    0x34, 0x1b, 0x00, 0x00, 0x4c, 0x8b, 0x9d, 0xb8, 0x00, 0x00, 0x00, 0x4c, 0x8b, 0x75, 0x18, 0x41,
    0x8b, 0x43, 0x18, 0x41, 0x8b, 0x53, 0x10, 0x41, 0x8b, 0x4b, 0x08, 0x3d, 0x04, 0x20, 0x77, 0x81,
    0x0f, 0x84, 0x33, 0x02, 0x00, 0x00, 0x3d, 0x08, 0x20, 0x77, 0x81, 0x0f, 0x84, 0x4e, 0x01, 0x00,
    0x00, 0x3d, 0x0c, 0x20, 0x77, 0x81, 0x0f, 0x84, 0xf5, 0x00, 0x00, 0x00, 0x3d, 0x10, 0x20, 0x77,
    0x81, 0x74, 0x5f, 0x3d, 0x14, 0x20, 0x77, 0x81, 0x74, 0x0b, 0x41, 0xbd, 0x02, 0x00, 0x00, 0xc0,
    0xe9, 0x41, 0x02, 0x00, 0x00, 0x49, 0x8d, 0xb5, 0xc8, 0x02, 0x00, 0x00, 0x48, 0x8b, 0xce, 0xff,
    0x15, 0xeb, 0x1a, 0x00, 0x00, 0x49, 0x8d, 0x8d, 0xd8, 0x01, 0x00, 0x00, 0x33, 0xd2, 0x41, 0xb8,
    0x80, 0x00, 0x00, 0x00, 0x45, 0x89, 0x65, 0x34, 0x45, 0x88, 0x65, 0x2c, 0x40, 0x8a, 0xf8, 0x45,
    0x89, 0x65, 0x38, 0x45, 0x88, 0x65, 0x2d, 0x45, 0x89, 0x65, 0x3c, 0x45, 0x88, 0x65, 0x2e, 0xe8,
    0xec, 0x10, 0x00, 0x00, 0x45, 0x8b, 0xec, 0x40, 0x8a, 0xd7, 0x48, 0x8b, 0xce, 0xe9, 0x84, 0x00,
    0x00, 0x00, 0x83, 0xfa, 0x14, 0x0f, 0x85, 0xd9, 0x00, 0x00, 0x00, 0x3b, 0xca, 0x0f, 0x85, 0xab,
    0x01, 0x00, 0x00, 0x49, 0x8d, 0xbd, 0xc8, 0x02, 0x00, 0x00, 0x48, 0x8b, 0xcf, 0xff, 0x15, 0x8d,
    0x1a, 0x00, 0x00, 0x45, 0x39, 0x66, 0x10, 0x40, 0x8a, 0xf0, 0x41, 0x8b, 0x45, 0x34, 0x41, 0x89,
    0x46, 0x04, 0x41, 0x8b, 0x45, 0x38, 0x41, 0x89, 0x46, 0x08, 0x41, 0x8b, 0x45, 0x3c, 0x41, 0x89,
    0x46, 0x0c, 0x41, 0x8b, 0x45, 0x40, 0x41, 0x89, 0x06, 0x74, 0x2c, 0x49, 0x8d, 0x8d, 0xd8, 0x01,
    0x00, 0x00, 0x33, 0xd2, 0x41, 0xb8, 0x80, 0x00, 0x00, 0x00, 0x45, 0x89, 0x65, 0x34, 0x45, 0x88,
    0x65, 0x2c, 0x45, 0x89, 0x65, 0x38, 0x45, 0x88, 0x65, 0x2d, 0x45, 0x89, 0x65, 0x3c, 0x45, 0x88,
    0x65, 0x2e, 0xe8, 0x69, 0x10, 0x00, 0x00, 0x45, 0x8b, 0xec, 0x40, 0x8a, 0xd6, 0x48, 0x8b, 0xcf,
    0x41, 0xbc, 0x14, 0x00, 0x00, 0x00, 0xff, 0x15, 0x04, 0x1a, 0x00, 0x00, 0xe9, 0x65, 0x01, 0x00,
    0x00, 0x49, 0x8d, 0x8d, 0xc8, 0x02, 0x00, 0x00, 0xff, 0x15, 0x12, 0x1a, 0x00, 0x00, 0x49, 0x8d,
    0x8d, 0xd0, 0x02, 0x00, 0x00, 0x45, 0x88, 0xa5, 0x50, 0x03, 0x00, 0x00, 0x40, 0x8a, 0xf8, 0xff,
    0x15, 0xa3, 0x19, 0x00, 0x00, 0x49, 0x8b, 0xcd, 0xe8, 0x87, 0x03, 0x00, 0x00, 0x49, 0x8d, 0x8d,
    0xc8, 0x02, 0x00, 0x00, 0x40, 0x8a, 0xd7, 0xff, 0x15, 0xc3, 0x19, 0x00, 0x00, 0x33, 0xd2, 0x33,
    0xc9, 0xff, 0x15, 0xe9, 0x19, 0x00, 0x00, 0x45, 0x8b, 0xec, 0xe9, 0x17, 0x01, 0x00, 0x00, 0x83,
    0xfa, 0x04, 0x74, 0x0b, 0x41, 0xbd, 0x11, 0x00, 0xe0, 0xee, 0xe9, 0x07, 0x01, 0x00, 0x00, 0x83,
    0xf9, 0x04, 0x0f, 0x85, 0xc6, 0x00, 0x00, 0x00, 0x33, 0xd2, 0x33, 0xc9, 0xff, 0x15, 0xbe, 0x19,
    0x00, 0x00, 0x45, 0x8b, 0x1e, 0xb2, 0x01, 0x43, 0x8d, 0x0c, 0x9b, 0x03, 0xc9, 0xff, 0x15, 0xad,
    0x19, 0x00, 0x00, 0x49, 0x8d, 0xad, 0xc8, 0x02, 0x00, 0x00, 0x48, 0x8b, 0xcd, 0x8b, 0xf8, 0xff,
    0x15, 0x8b, 0x19, 0x00, 0x00, 0x49, 0x8d, 0x8d, 0xd8, 0x01, 0x00, 0x00, 0x41, 0xb8, 0x80, 0x00,
    0x00, 0x00, 0x40, 0x8a, 0xf0, 0xb8, 0xcd, 0xcc, 0xcc, 0xcc, 0xf7, 0xe7, 0xc1, 0xea, 0x03, 0x41,
    0x89, 0x16, 0x41, 0x89, 0x55, 0x40, 0x33, 0xd2, 0x45, 0x88, 0x65, 0x2f, 0x45, 0x89, 0x65, 0x30,
    0x45, 0x89, 0x65, 0x28, 0x41, 0xc7, 0x85, 0xd4, 0x01, 0x00, 0x00, 0x69, 0x00, 0x00, 0x00, 0x45,
    0x89, 0x65, 0x34, 0x45, 0x88, 0x65, 0x2c, 0x45, 0x89, 0x65, 0x38, 0x45, 0x88, 0x65, 0x2d, 0x45,
    0x89, 0x65, 0x3c, 0x45, 0x88, 0x65, 0x2e, 0xe8, 0x64, 0x0f, 0x00, 0x00, 0x41, 0x8b, 0x55, 0x40,
    0x49, 0x8d, 0x8d, 0xd0, 0x02, 0x00, 0x00, 0x48, 0x6b, 0xd2, 0xf6, 0x4c, 0x8d, 0x41, 0x40, 0xff,
    0x15, 0x43, 0x19, 0x00, 0x00, 0x41, 0xc6, 0x85, 0x50, 0x03, 0x00, 0x00, 0x01, 0x40, 0x8a, 0xd6,
    0x48, 0x8b, 0xcd, 0x45, 0x8b, 0xec, 0x41, 0xbc, 0x04, 0x00, 0x00, 0x00, 0xff, 0x15, 0xde, 0x18,
    0x00, 0x00, 0x48, 0x8b, 0x6c, 0x24, 0x68, 0xeb, 0x3d, 0x83, 0xf9, 0x18, 0x74, 0x08, 0x41, 0xbd,
    0x12, 0x00, 0xe0, 0xee, 0xeb, 0x30, 0x45, 0x89, 0x66, 0x10, 0x45, 0x89, 0x66, 0x14, 0x45, 0x8b,
    0xec, 0x41, 0xbc, 0x18, 0x00, 0x00, 0x00, 0x41, 0xc7, 0x06, 0x01, 0x00, 0x00, 0x00, 0x41, 0xc7,
    0x46, 0x04, 0x04, 0x00, 0x00, 0x00, 0x41, 0xc7, 0x46, 0x08, 0x01, 0x00, 0x00, 0x00, 0x41, 0xc7,
    0x46, 0x0c, 0x04, 0x00, 0x00, 0x00, 0x41, 0x8b, 0xcc, 0x33, 0xd2, 0x44, 0x89, 0x6d, 0x30, 0x48,
    0x89, 0x4d, 0x38, 0x48, 0x8b, 0xcd, 0xff, 0x15, 0x44, 0x18, 0x00, 0x00, 0x33, 0xd2, 0x48, 0x8b,
    0xcb, 0xff, 0x15, 0x91, 0x18, 0x00, 0x00, 0x48, 0x8b, 0x5c, 0x24, 0x60, 0x48, 0x8b, 0x6c, 0x24,
    0x70, 0x41, 0x8b, 0xc5, 0x48, 0x83, 0xc4, 0x30, 0x41, 0x5e, 0x41, 0x5d, 0x41, 0x5c, 0x5f, 0x5e,
    0xc3, 0xcc, 0xcc, 0xcc, 0xcc, 0xcc, 0xcc, 0xcc, 0x48, 0x8b, 0xc4, 0x48, 0x89, 0x58, 0x08, 0x48,
    0x89, 0x68, 0x10, 0x48, 0x89, 0x70, 0x18, 0x57, 0x48, 0x83, 0xec, 0x30, 0x48, 0x83, 0x60, 0xe8,
    0x00, 0x48, 0x8b, 0xfa, 0x48, 0x8b, 0xe9, 0x33, 0xd2, 0x48, 0x81, 0xc1, 0x90, 0x02, 0x00, 0x00,
    0x45, 0x33, 0xc9, 0x45, 0x33, 0xc0, 0xff, 0x15, 0x2c, 0x18, 0x00, 0x00, 0x80, 0x7d, 0x10, 0x00,
    0x74, 0x1c, 0xbe, 0x05, 0x00, 0xe0, 0xee, 0x33, 0xd2, 0x48, 0x8b, 0xcf, 0x89, 0x77, 0x30, 0xff,
    0x15, 0xcb, 0x17, 0x00, 0x00, 0xc6, 0x45, 0x10, 0x00, 0xe9, 0x94, 0x00, 0x00, 0x00, 0x48, 0x8b,
    0x87, 0xb8, 0x00, 0x00, 0x00, 0x48, 0x8d, 0xb5, 0x60, 0x02, 0x00, 0x00, 0x80, 0x48, 0x03, 0x01,
    0x48, 0x8b, 0xce, 0xff, 0x15, 0x07, 0x18, 0x00, 0x00, 0x44, 0x8a, 0xd8, 0x48, 0x8d, 0x05, 0x41,
    0x09, 0x00, 0x00, 0x48, 0x87, 0x47, 0x68, 0x80, 0x7f, 0x44, 0x00, 0x74, 0x30, 0x33, 0xc0, 0x48,
    0x87, 0x47, 0x68, 0x48, 0x85, 0xc0, 0x74, 0x25, 0x41, 0x8a, 0xd3, 0x48, 0x8b, 0xce, 0xff, 0x15,
    0xbc, 0x17, 0x00, 0x00, 0x48, 0x83, 0x67, 0x38, 0x00, 0x33, 0xd2, 0x48, 0x8b, 0xcf, 0xc7, 0x47,
    0x30, 0x20, 0x01, 0x00, 0xc0, 0xff, 0x15, 0x65, 0x17, 0x00, 0x00, 0xeb, 0x30, 0x48, 0x89, 0xb7,
    0x90, 0x00, 0x00, 0x00, 0x48, 0x8d, 0x97, 0xa8, 0x00, 0x00, 0x00, 0x48, 0x8d, 0x4e, 0x08, 0x48,
    0x8b, 0x41, 0x08, 0x48, 0x89, 0x0a, 0x48, 0x89, 0x42, 0x08, 0x48, 0x89, 0x10, 0x48, 0x89, 0x51,
    0x08, 0x41, 0x8a, 0xd3, 0x48, 0x8b, 0xce, 0xff, 0x15, 0x73, 0x17, 0x00, 0x00, 0xbe, 0x03, 0x01,
    0x00, 0x00, 0x48, 0x8d, 0x8d, 0x90, 0x02, 0x00, 0x00, 0x33, 0xd2, 0xff, 0x15, 0x77, 0x17, 0x00,
    0x00, 0x48, 0x8b, 0x5c, 0x24, 0x40, 0x48, 0x8b, 0x6c, 0x24, 0x48, 0x8b, 0xc6, 0x48, 0x8b, 0x74,
    0x24, 0x50, 0x48, 0x83, 0xc4, 0x30, 0x5f, 0xc3, 0xcc, 0xcc, 0xcc, 0xcc, 0xcc, 0xcc, 0xcc, 0xcc,
    0x48, 0x83, 0xec, 0x28, 0x48, 0x85, 0xd2, 0x74, 0x08, 0x48, 0x8b, 0xca, 0xe8, 0x0b, 0x00, 0x00,
    0x00, 0x48, 0x83, 0xc4, 0x28, 0xc3, 0xcc, 0xcc, 0xcc, 0xcc, 0xcc, 0xcc, 0x48, 0x89, 0x5c, 0x24,
    0x10, 0x48, 0x89, 0x74, 0x24, 0x18, 0x57, 0x48, 0x83, 0xec, 0x20, 0x48, 0x8b, 0xf9, 0x48, 0x81,
    0xc1, 0xc8, 0x02, 0x00, 0x00, 0xff, 0x15, 0xdd, 0x16, 0x00, 0x00, 0x48, 0x8d, 0x4c, 0x24, 0x30,
    0xff, 0x15, 0xaa, 0x16, 0x00, 0x00, 0x48, 0x8b, 0xd8, 0x66, 0x65, 0x8b, 0x04, 0x25, 0x84, 0x01,
    0x00, 0x00, 0x0f, 0xb7, 0xc8, 0x83, 0xf9, 0x20, 0x73, 0x08, 0x83, 0x84, 0x8f, 0xd8, 0x01, 0x00,
    0x00, 0x01, 0x80, 0x7f, 0x2f, 0x00, 0x74, 0x3a, 0x48, 0x8b, 0xc3, 0x48, 0x2b, 0x87, 0x58, 0x02,
    0x00, 0x00, 0x78, 0x2e, 0x8b, 0x8f, 0xd4, 0x01, 0x00, 0x00, 0x85, 0xc9, 0x75, 0x1b, 0x48, 0x69,
    0xc0, 0x40, 0x42, 0x0f, 0x00, 0x48, 0x8b, 0xcf, 0x48, 0x99, 0x48, 0xf7, 0x7c, 0x24, 0x30, 0x48,
    0x8b, 0xd0, 0xe8, 0x85, 0x01, 0x00, 0x00, 0xeb, 0x09, 0x8d, 0x41, 0xff, 0x89, 0x87, 0xd4, 0x01,
    0x00, 0x00, 0x80, 0xbf, 0x50, 0x03, 0x00, 0x00, 0x00, 0x48, 0x89, 0x9f, 0x58, 0x02, 0x00, 0x00,
    0xc6, 0x47, 0x2f, 0x01, 0x74, 0x18, 0x8b, 0x57, 0x40, 0x48, 0x8d, 0x8f, 0xd0, 0x02, 0x00, 0x00,
    0x4c, 0x8d, 0x41, 0x40, 0x48, 0x6b, 0xd2, 0xf6, 0xff, 0x15, 0xba, 0x16, 0x00, 0x00, 0x48, 0x8d,
    0x8f, 0xc8, 0x02, 0x00, 0x00, 0xff, 0x15, 0x55, 0x16, 0x00, 0x00, 0x48, 0x8b, 0x5c, 0x24, 0x38,
    0x48, 0x8b, 0x74, 0x24, 0x40, 0x48, 0x83, 0xc4, 0x20, 0x5f, 0xc3, 0xcc, 0xcc, 0xcc, 0xcc, 0xcc,
    0xcc, 0xcc, 0xcc, 0xcc, 0x4c, 0x8b, 0xdc, 0x49, 0x89, 0x5b, 0x08, 0x57, 0x48, 0x83, 0xec, 0x30,
    0x83, 0x61, 0x14, 0x00, 0x83, 0x61, 0x18, 0x00, 0x48, 0x83, 0x61, 0x20, 0x00, 0x49, 0x8d, 0x43,
    0xe8, 0x48, 0x8b, 0xd9, 0x48, 0x81, 0xc1, 0x60, 0x02, 0x00, 0x00, 0x49, 0x89, 0x43, 0xf0, 0x49,
    0x8d, 0x43, 0xe8, 0x49, 0x89, 0x43, 0xe8, 0xff, 0x15, 0x33, 0x16, 0x00, 0x00, 0x4c, 0x8d, 0x8b,
    0x68, 0x02, 0x00, 0x00, 0x49, 0x8b, 0x11, 0x44, 0x8a, 0xd8, 0x49, 0x3b, 0xd1, 0x74, 0x5a, 0x48,
    0x8b, 0x4a, 0x08, 0x4c, 0x8b, 0x02, 0x33, 0xc0, 0x4c, 0x89, 0x01, 0x49, 0x89, 0x48, 0x08, 0x48,
    0x87, 0x42, 0xc0, 0x48, 0x85, 0xc0, 0x75, 0x1b, 0x48, 0x8d, 0x8b, 0x78, 0x02, 0x00, 0x00, 0x48,
    0x8b, 0x41, 0x08, 0x48, 0x89, 0x0a, 0x48, 0x89, 0x42, 0x08, 0x48, 0x89, 0x10, 0x48, 0x89, 0x51,
    0x08, 0xeb, 0x1e, 0x48, 0x83, 0x62, 0xe8, 0x00, 0x48, 0x8b, 0x44, 0x24, 0x28, 0x48, 0x8d, 0x4c,
    0x24, 0x20, 0x48, 0x89, 0x42, 0x08, 0x48, 0x89, 0x0a, 0x48, 0x89, 0x10, 0x48, 0x89, 0x54, 0x24,
    0x28, 0x4d, 0x3b, 0xc1, 0x49, 0x8b, 0xd0, 0x75, 0xa6, 0x48, 0x8d, 0x8b, 0x60, 0x02, 0x00, 0x00,
    0x41, 0x8a, 0xd3, 0xff, 0x15, 0x97, 0x15, 0x00, 0x00, 0xbf, 0x20, 0x01, 0x00, 0xc0, 0xeb, 0x28,
    0x48, 0x8b, 0x01, 0x48, 0x8d, 0x54, 0x24, 0x20, 0x48, 0x81, 0xc1, 0x58, 0xff, 0xff, 0xff, 0x48,
    0x89, 0x44, 0x24, 0x20, 0x48, 0x89, 0x50, 0x08, 0x48, 0x83, 0x61, 0x38, 0x00, 0x33, 0xd2, 0x89,
    0x79, 0x30, 0xff, 0x15, 0x28, 0x15, 0x00, 0x00, 0x48, 0x8b, 0x4c, 0x24, 0x20, 0x4c, 0x8d, 0x5c,
    0x24, 0x20, 0x49, 0x3b, 0xcb, 0x75, 0xc9, 0x48, 0x8b, 0x8b, 0x88, 0x02, 0x00, 0x00, 0x48, 0x85,
    0xc9, 0x74, 0x18, 0x48, 0x83, 0x61, 0x38, 0x00, 0x33, 0xd2, 0x89, 0x79, 0x30, 0xff, 0x15, 0xfd,
    0x14, 0x00, 0x00, 0x48, 0x83, 0xa3, 0x88, 0x02, 0x00, 0x00, 0x00, 0x48, 0x8b, 0x5c, 0x24, 0x40,
    0x48, 0x83, 0xc4, 0x30, 0x5f, 0xc3, 0xcc, 0xcc, 0xcc, 0xcc, 0xcc, 0xcc, 0x48, 0x8b, 0xc4, 0x48,
    0x89, 0x58, 0x08, 0x48, 0x89, 0x68, 0x10, 0x48, 0x89, 0x70, 0x18, 0x48, 0x89, 0x78, 0x20, 0x41,
    0x54, 0x48, 0x83, 0xec, 0x30, 0x8b, 0x41, 0x30, 0x48, 0x8b, 0xd9, 0x33, 0xff, 0x89, 0x54, 0x81,
    0x44, 0x83, 0x41, 0x30, 0x01, 0x48, 0x8b, 0x89, 0x88, 0x02, 0x00, 0x00, 0x48, 0x3b, 0xcf, 0x8b,
    0xf2, 0x74, 0x2a, 0x8b, 0x43, 0x18, 0x39, 0x43, 0x14, 0x0f, 0x82, 0x37, 0x01, 0x00, 0x00, 0x48,
    0xc1, 0xe0, 0x02, 0x33, 0xd2, 0x89, 0x79, 0x30, 0x48, 0x89, 0x41, 0x38, 0xff, 0x15, 0x8e, 0x14,
    0x00, 0x00, 0x48, 0x89, 0xbb, 0x88, 0x02, 0x00, 0x00, 0x48, 0x89, 0x7b, 0x20, 0x48, 0x39, 0xbb,
    0x88, 0x02, 0x00, 0x00, 0x75, 0x78, 0x48, 0x8d, 0x8b, 0x60, 0x02, 0x00, 0x00, 0xff, 0x15, 0xcd,
    0x14, 0x00, 0x00, 0x4c, 0x8d, 0x83, 0x68, 0x02, 0x00, 0x00, 0x44, 0x8a, 0xd8, 0xeb, 0x40, 0x49,
    0x8b, 0x10, 0x48, 0x8b, 0xc7, 0x48, 0x8b, 0x0a, 0x48, 0x8d, 0xaa, 0x58, 0xff, 0xff, 0xff, 0x49,
    0x89, 0x08, 0x4c, 0x89, 0x41, 0x08, 0x48, 0x87, 0x45, 0x68, 0x48, 0x3b, 0xc7, 0x75, 0x7c, 0x48,
    0x8d, 0x95, 0xa8, 0x00, 0x00, 0x00, 0x48, 0x8d, 0x8b, 0x78, 0x02, 0x00, 0x00, 0x48, 0x8b, 0x41,
    0x08, 0x48, 0x89, 0x0a, 0x48, 0x89, 0x42, 0x08, 0x48, 0x89, 0x10, 0x48, 0x89, 0x51, 0x08, 0x4d,
    0x39, 0x00, 0x75, 0xbb, 0x48, 0x8b, 0xef, 0x48, 0x8d, 0x8b, 0x60, 0x02, 0x00, 0x00, 0x41, 0x8a,
    0xd3, 0xff, 0x15, 0x49, 0x14, 0x00, 0x00, 0x48, 0x89, 0xab, 0x88, 0x02, 0x00, 0x00, 0x48, 0x8b,
    0x8b, 0x88, 0x02, 0x00, 0x00, 0x48, 0x3b, 0xcf, 0x0f, 0x84, 0x88, 0x00, 0x00, 0x00, 0x48, 0x8b,
    0x41, 0x08, 0x48, 0x3b, 0xc7, 0x74, 0x61, 0x8b, 0x40, 0x28, 0x3b, 0xc7, 0x74, 0x5a, 0xa8, 0x03,
    0x75, 0x56, 0xc1, 0xe8, 0x02, 0x89, 0x7b, 0x14, 0x89, 0x43, 0x18, 0x48, 0x8b, 0x49, 0x08, 0xf6,
    0x41, 0x0a, 0x05, 0x74, 0x0f, 0x48, 0x8b, 0x41, 0x18, 0xeb, 0x24, 0x48, 0x89, 0xbd, 0x90, 0x00,
    0x00, 0x00, 0xeb, 0xa3, 0x45, 0x33, 0xc9, 0x33, 0xd2, 0xc7, 0x44, 0x24, 0x28, 0x10, 0x00, 0x00,
    0x00, 0x45, 0x8d, 0x41, 0x01, 0x89, 0x7c, 0x24, 0x20, 0xff, 0x15, 0x09, 0x14, 0x00, 0x00, 0x48,
    0x3b, 0xc7, 0x48, 0x89, 0x43, 0x20, 0x75, 0x2e, 0x48, 0x8b, 0x8b, 0x88, 0x02, 0x00, 0x00, 0xc7,
    0x41, 0x30, 0x01, 0x00, 0xe0, 0xee, 0xeb, 0x07, 0xc7, 0x41, 0x30, 0x12, 0x00, 0xe0, 0xee, 0x33,
    0xd2, 0x48, 0x89, 0x79, 0x38, 0xff, 0x15, 0x75, 0x13, 0x00, 0x00, 0x48, 0x89, 0x7b, 0x20, 0x48,
    0x89, 0xbb, 0x88, 0x02, 0x00, 0x00, 0x48, 0x8b, 0x4b, 0x20, 0x48, 0x3b, 0xcf, 0x75, 0x0a, 0x83,
    0x43, 0x28, 0x01, 0xc6, 0x43, 0x10, 0x01, 0xeb, 0x0a, 0x8b, 0x43, 0x14, 0x89, 0x34, 0x81, 0x83,
    0x43, 0x14, 0x01, 0xb9, 0x64, 0x00, 0x00, 0x00, 0x39, 0x4b, 0x30, 0x72, 0x07, 0x89, 0x7b, 0x30,
    0xc6, 0x43, 0x2e, 0x01, 0x40, 0x38, 0x7b, 0x2c, 0x74, 0x07, 0x3b, 0x73, 0x34, 0x73, 0x09, 0xeb,
    0x04, 0xc6, 0x43, 0x2c, 0x01, 0x89, 0x73, 0x34, 0x40, 0x38, 0x7b, 0x2d, 0x74, 0x07, 0x3b, 0x73,
    0x38, 0x76, 0x09, 0xeb, 0x04, 0xc6, 0x43, 0x2d, 0x01, 0x89, 0x73, 0x38, 0x40, 0x38, 0x7b, 0x2e,
    0x74, 0x1d, 0x48, 0x8d, 0x43, 0x44, 0x03, 0x38, 0x48, 0x83, 0xc0, 0x04, 0x48, 0x83, 0xe9, 0x01,
    0x75, 0xf4, 0xb8, 0x1f, 0x85, 0xeb, 0x51, 0xf7, 0xe7, 0xc1, 0xea, 0x05, 0x89, 0x53, 0x3c, 0x48,
    0x8b, 0x5c, 0x24, 0x40, 0x48, 0x8b, 0x6c, 0x24, 0x48, 0x48, 0x8b, 0x74, 0x24, 0x50, 0x48, 0x8b,
    0x7c, 0x24, 0x58, 0x48, 0x83, 0xc4, 0x30, 0x41, 0x5c, 0xc3, 0xcc, 0xcc, 0xcc, 0xcc, 0xcc, 0xcc,
    0x48, 0x89, 0x5c, 0x24, 0x08, 0x48, 0x89, 0x74, 0x24, 0x10, 0x57, 0x48, 0x83, 0xec, 0x30, 0x48,
    0x8b, 0xf2, 0x48, 0x8b, 0xd9, 0x41, 0xb8, 0x4b, 0x6e, 0x4b, 0x6e, 0xba, 0x20, 0x00, 0x00, 0x00,
    0x33, 0xc9, 0xff, 0x15, 0x38, 0x13, 0x00, 0x00, 0x48, 0x85, 0xc0, 0x48, 0x8b, 0xf8, 0x74, 0x28,
    0x33, 0xd2, 0x48, 0x8b, 0xc8, 0x44, 0x8d, 0x42, 0x20, 0xe8, 0x22, 0x09, 0x00, 0x00, 0x48, 0x83,
    0x67, 0x08, 0x00, 0x48, 0x83, 0x67, 0x18, 0x00, 0x48, 0x8d, 0x05, 0x81, 0x13, 0x00, 0x00, 0xc6,
    0x47, 0x10, 0x01, 0x48, 0x89, 0x07, 0xeb, 0x02, 0x33, 0xff, 0x48, 0x85, 0xff, 0x48, 0x89, 0x3d,
    0x8c, 0x23, 0x00, 0x00, 0x75, 0x26, 0x21, 0x7c, 0x24, 0x20, 0x4c, 0x8d, 0x05, 0x57, 0x14, 0x00,
    0x00, 0x8d, 0x57, 0x02, 0x41, 0xb9, 0x9a, 0x00, 0x00, 0xc0, 0x48, 0x8b, 0xcb, 0xe8, 0x6a, 0x04,
    0x00, 0x00, 0xb8, 0x01, 0x00, 0x00, 0xc0, 0xe9, 0xca, 0x00, 0x00, 0x00, 0x48, 0x8b, 0x07, 0x48,
    0x8b, 0xd6, 0x48, 0x8b, 0xcf, 0x48, 0x89, 0x5f, 0x08, 0xff, 0x50, 0x08, 0x85, 0xc0, 0x0f, 0x85,
    0xb2, 0x00, 0x00, 0x00, 0x48, 0x8d, 0x05, 0xf1, 0x01, 0x00, 0x00, 0x48, 0x89, 0x43, 0x70, 0x48,
    0x8d, 0x05, 0x2a, 0x02, 0x00, 0x00, 0x48, 0x89, 0x83, 0x00, 0x01, 0x00, 0x00, 0x48, 0x8d, 0x05,
    0x60, 0x02, 0x00, 0x00, 0x48, 0x89, 0x83, 0x80, 0x00, 0x00, 0x00, 0x48, 0x8d, 0x05, 0xaa, 0x02,
    0x00, 0x00, 0x48, 0x89, 0x83, 0x90, 0x00, 0x00, 0x00, 0x48, 0x8d, 0x05, 0x88, 0x02, 0x00, 0x00,
    0x48, 0x89, 0x83, 0x88, 0x00, 0x00, 0x00, 0x48, 0x8d, 0x05, 0xa2, 0x02, 0x00, 0x00, 0x48, 0x89,
    0x83, 0xe0, 0x00, 0x00, 0x00, 0x48, 0x8d, 0x05, 0xa8, 0x02, 0x00, 0x00, 0x48, 0x89, 0x83, 0xe8,
    0x00, 0x00, 0x00, 0x48, 0x8d, 0x05, 0x06, 0x01, 0x00, 0x00, 0x48, 0x89, 0x83, 0x28, 0x01, 0x00,
    0x00, 0x48, 0x8b, 0x05, 0xd8, 0x22, 0x00, 0x00, 0x80, 0x78, 0x10, 0x00, 0x75, 0x2b, 0x48, 0x8d,
    0x05, 0x2b, 0x01, 0x00, 0x00, 0x48, 0x8d, 0x0d, 0x84, 0x00, 0x00, 0x00, 0x48, 0x89, 0x83, 0x20,
    0x01, 0x00, 0x00, 0x48, 0x8d, 0x05, 0x96, 0x00, 0x00, 0x00, 0x48, 0x89, 0x83, 0x48, 0x01, 0x00,
    0x00, 0x48, 0x8b, 0x43, 0x30, 0x48, 0x89, 0x48, 0x08, 0x48, 0x8d, 0x05, 0x1c, 0x00, 0x00, 0x00,
    0x48, 0x89, 0x43, 0x68, 0x33, 0xc0, 0x48, 0x8b, 0x5c, 0x24, 0x40, 0x48, 0x8b, 0x74, 0x24, 0x48,
    0x48, 0x83, 0xc4, 0x30, 0x5f, 0xc3, 0xcc, 0xcc, 0xcc, 0xcc, 0xcc, 0xcc, 0x48, 0x83, 0xec, 0x28,
    0x48, 0x8b, 0xd1, 0x48, 0x8b, 0x0d, 0x76, 0x22, 0x00, 0x00, 0x48, 0x85, 0xc9, 0x74, 0x24, 0x48,
    0x8b, 0x01, 0xff, 0x50, 0x10, 0x48, 0x8b, 0x0d, 0x64, 0x22, 0x00, 0x00, 0x48, 0x85, 0xc9, 0x74,
    0x0a, 0x48, 0x8b, 0x01, 0xba, 0x01, 0x00, 0x00, 0x00, 0xff, 0x10, 0x48, 0x83, 0x25, 0x4d, 0x22,
    0x00, 0x00, 0x00, 0x48, 0x83, 0xc4, 0x28, 0xc3, 0xcc, 0xcc, 0xcc, 0xcc, 0xcc, 0xcc, 0xcc, 0xcc,
    0x4c, 0x8b, 0xc9, 0x48, 0x8b, 0x0d, 0x36, 0x22, 0x00, 0x00, 0x4c, 0x8b, 0xc2, 0x48, 0x8b, 0x01,
    0x49, 0x8b, 0xd1, 0x48, 0xff, 0x60, 0x18, 0xcc, 0xcc, 0xcc, 0xcc, 0xcc, 0xcc, 0xcc, 0xcc, 0xcc,
    0x48, 0x83, 0xec, 0x28, 0x48, 0x8b, 0x41, 0x40, 0x4c, 0x8b, 0xc2, 0x48, 0x8b, 0x08, 0x48, 0x85,
    0xc9, 0x75, 0x19, 0xc7, 0x42, 0x30, 0x0e, 0x00, 0x00, 0xc0, 0x49, 0x8b, 0xc8, 0x33, 0xd2, 0xff,
    0x15, 0xdb, 0x10, 0x00, 0x00, 0xb8, 0x0e, 0x00, 0x00, 0xc0, 0xeb, 0x06, 0x48, 0x8b, 0x01, 0xff,
    0x50, 0x08, 0x48, 0x83, 0xc4, 0x28, 0xc3, 0xcc, 0xcc, 0xcc, 0xcc, 0xcc, 0xcc, 0xcc, 0xcc, 0xcc,
    0x48, 0x83, 0xec, 0x28, 0x48, 0x8b, 0x41, 0x40, 0x4c, 0x8b, 0xc2, 0x48, 0x8b, 0x08, 0x48, 0x85,
    0xc9, 0x75, 0x19, 0xc7, 0x42, 0x30, 0x0e, 0x00, 0x00, 0xc0, 0x49, 0x8b, 0xc8, 0x33, 0xd2, 0xff,
    0x15, 0x9b, 0x10, 0x00, 0x00, 0xb8, 0x0e, 0x00, 0x00, 0xc0, 0xeb, 0x06, 0x48, 0x8b, 0x01, 0xff,
    0x50, 0x18, 0x48, 0x83, 0xc4, 0x28, 0xc3, 0xcc, 0xcc, 0xcc, 0xcc, 0xcc, 0xcc, 0xcc, 0xcc, 0xcc,
    0x40, 0x53, 0x48, 0x83, 0xec, 0x20, 0x48, 0x8b, 0x41, 0x40, 0x48, 0x8b, 0xda, 0x48, 0x8b, 0x08,
    0x48, 0x85, 0xc9, 0x75, 0x22, 0x48, 0x8b, 0xca, 0xff, 0x15, 0x02, 0x11, 0x00, 0x00, 0x33, 0xd2,
    0x48, 0x8b, 0xcb, 0xc7, 0x43, 0x30, 0x0e, 0x00, 0x00, 0xc0, 0xff, 0x15, 0x50, 0x10, 0x00, 0x00,
    0xb8, 0x0e, 0x00, 0x00, 0xc0, 0xeb, 0x06, 0x48, 0x8b, 0x01, 0xff, 0x50, 0x10, 0x48, 0x83, 0xc4,
    0x20, 0x5b, 0xc3, 0xcc, 0xcc, 0xcc, 0xcc, 0xcc, 0xcc, 0xcc, 0xcc, 0xcc, 0x48, 0x83, 0xec, 0x28,
    0x48, 0x8b, 0x41, 0x40, 0x4c, 0x8b, 0xc2, 0x48, 0x8b, 0x08, 0x48, 0x85, 0xc9, 0x75, 0x1d, 0x48,
    0x21, 0x4a, 0x38, 0xc7, 0x42, 0x30, 0x0e, 0x00, 0x00, 0xc0, 0x33, 0xd2, 0x49, 0x8b, 0xc8, 0xff,
    0x15, 0x0b, 0x10, 0x00, 0x00, 0xb8, 0x0e, 0x00, 0x00, 0xc0, 0xeb, 0x06, 0x48, 0x8b, 0x01, 0xff,
    0x50, 0x20, 0x48, 0x83, 0xc4, 0x28, 0xc3, 0xcc, 0xcc, 0xcc, 0xcc, 0xcc, 0xcc, 0xcc, 0xcc, 0xcc,
    0x48, 0x83, 0xec, 0x28, 0x48, 0x8b, 0x41, 0x40, 0x4c, 0x8b, 0xc2, 0x48, 0x8b, 0x08, 0x48, 0x85,
    0xc9, 0x75, 0x1d, 0x48, 0x21, 0x4a, 0x38, 0xc7, 0x42, 0x30, 0x0e, 0x00, 0x00, 0xc0, 0x33, 0xd2,
    0x49, 0x8b, 0xc8, 0xff, 0x15, 0xc7, 0x0f, 0x00, 0x00, 0xb8, 0x0e, 0x00, 0x00, 0xc0, 0xeb, 0x06,
    0x48, 0x8b, 0x01, 0xff, 0x50, 0x28, 0x48, 0x83, 0xc4, 0x28, 0xc3, 0xcc, 0xcc, 0xcc, 0xcc, 0xcc,
    0xcc, 0xcc, 0xcc, 0xcc, 0x48, 0x83, 0xec, 0x28, 0x48, 0x8b, 0x41, 0x40, 0x4c, 0x8b, 0xc2, 0x48,
    0x8b, 0x08, 0x48, 0x85, 0xc9, 0x75, 0x1d, 0x48, 0x21, 0x4a, 0x38, 0xc7, 0x42, 0x30, 0x0e, 0x00,
    0x00, 0xc0, 0x33, 0xd2, 0x49, 0x8b, 0xc8, 0xff, 0x15, 0x83, 0x0f, 0x00, 0x00, 0xb8, 0x0e, 0x00,
    0x00, 0xc0, 0xeb, 0x06, 0x48, 0x8b, 0x01, 0xff, 0x50, 0x30, 0x48, 0x83, 0xc4, 0x28, 0xc3, 0xcc,
    0xcc, 0xcc, 0xcc, 0xcc, 0xcc, 0xcc, 0xcc, 0xcc, 0x48, 0x8b, 0x41, 0x40, 0x48, 0x8b, 0x08, 0x48,
    0x8b, 0x01, 0x48, 0xff, 0x60, 0x38, 0xcc, 0xcc, 0xcc, 0xcc, 0xcc, 0xcc, 0x48, 0x8b, 0x41, 0x40,
    0x48, 0x8b, 0x08, 0x48, 0x8b, 0x01, 0x48, 0xff, 0x60, 0x40, 0xcc, 0xcc, 0xcc, 0xcc, 0xcc, 0xcc,
    0x48, 0x8b, 0x41, 0x40, 0x48, 0x8b, 0x08, 0x48, 0x8b, 0x01, 0x48, 0xff, 0x60, 0x48, 0xcc, 0xcc,
    0xcc, 0xcc, 0xcc, 0xcc, 0x48, 0x8b, 0x41, 0x40, 0x48, 0x8b, 0x08, 0x48, 0x8b, 0x01, 0x48, 0xff,
    0x60, 0x50, 0xcc, 0xcc, 0xcc, 0xcc, 0xcc, 0xcc, 0xc2, 0x00, 0x00, 0xcc, 0xcc, 0xcc, 0xcc, 0xcc,
    0xcc, 0xcc, 0xcc, 0xcc, 0x33, 0xc0, 0xc3, 0xcc, 0xcc, 0xcc, 0xcc, 0xcc, 0xcc, 0xcc, 0xcc, 0xcc,
    0x48, 0x89, 0x5c, 0x24, 0x08, 0x57, 0x48, 0x83, 0xec, 0x20, 0x8b, 0xda, 0x48, 0x8b, 0xf9, 0xe8,
    0x2c, 0x00, 0x00, 0x00, 0xf6, 0xc3, 0x01, 0x74, 0x10, 0x48, 0x85, 0xff, 0x74, 0x0b, 0x33, 0xd2,
    0x48, 0x8b, 0xcf, 0xff, 0x15, 0x6f, 0x0f, 0x00, 0x00, 0x48, 0x8b, 0xc7, 0x48, 0x8b, 0x5c, 0x24,
    0x30, 0x48, 0x83, 0xc4, 0x20, 0x5f, 0xc3, 0xcc, 0xcc, 0xcc, 0xcc, 0xcc, 0xcc, 0xcc, 0xcc, 0xcc,
    0x48, 0x83, 0xec, 0x28, 0x48, 0x8d, 0x05, 0x55, 0x10, 0x00, 0x00, 0x48, 0x8b, 0xd1, 0x48, 0x89,
    0x01, 0x48, 0x8b, 0x49, 0x08, 0x48, 0x85, 0xc9, 0x74, 0x13, 0x48, 0x8b, 0x41, 0x40, 0x48, 0x83,
    0x20, 0x00, 0x48, 0x83, 0x62, 0x08, 0x00, 0xff, 0x15, 0x43, 0x0f, 0x00, 0x00, 0x48, 0x83, 0xc4,
    0x28, 0xc3, 0xcc, 0xcc, 0xcc, 0xcc, 0xcc, 0xcc, 0x48, 0x83, 0xec, 0x28, 0x48, 0x83, 0x62, 0x38,
    0x00, 0x48, 0x8b, 0xca, 0xc7, 0x42, 0x30, 0xbb, 0x00, 0x00, 0xc0, 0x33, 0xd2, 0xff, 0x15, 0x6d,
    0x0e, 0x00, 0x00, 0xb8, 0xbb, 0x00, 0x00, 0xc0, 0x48, 0x83, 0xc4, 0x28, 0xc3, 0xcc, 0xcc, 0xcc,
    0xcc, 0xcc, 0xcc, 0xcc, 0x48, 0x89, 0x5c, 0x24, 0x08, 0x57, 0x48, 0x83, 0xec, 0x20, 0x8a, 0x4a,
    0x45, 0x48, 0x8b, 0xfa, 0xff, 0x15, 0xfe, 0x0e, 0x00, 0x00, 0x48, 0x8b, 0x9f, 0x90, 0x00, 0x00,
    0x00, 0x48, 0x83, 0xa7, 0x90, 0x00, 0x00, 0x00, 0x00, 0x48, 0x8b, 0xcb, 0xff, 0x15, 0x8e, 0x0e,
    0x00, 0x00, 0x4c, 0x8b, 0x87, 0xb0, 0x00, 0x00, 0x00, 0x4c, 0x8b, 0x8f, 0xa8, 0x00, 0x00, 0x00,
    0x4d, 0x89, 0x08, 0x8a, 0xd0, 0x48, 0x8b, 0xcb, 0x4d, 0x89, 0x41, 0x08, 0xff, 0x15, 0x4e, 0x0e,
    0x00, 0x00, 0x48, 0x83, 0x67, 0x38, 0x00, 0x33, 0xd2, 0x48, 0x8b, 0xcf, 0xc7, 0x47, 0x30, 0x20,
    0x01, 0x00, 0xc0, 0x48, 0x8b, 0x5c, 0x24, 0x30, 0x48, 0x83, 0xc4, 0x20, 0x5f, 0x48, 0xff, 0x25,
    0xec, 0x0d, 0x00, 0x00, 0xcc, 0xcc, 0xcc, 0xcc, 0xcc, 0xcc, 0xcc, 0xcc, 0x48, 0x89, 0x5c, 0x24,
    0x08, 0x48, 0x89, 0x74, 0x24, 0x10, 0x57, 0x48, 0x83, 0xec, 0x20, 0x4c, 0x8b, 0xc1, 0x48, 0x83,
    0xc9, 0xff, 0x33, 0xc0, 0xbb, 0xc6, 0x00, 0x00, 0x00, 0x48, 0x8d, 0x3d, 0xb8, 0x0f, 0x00, 0x00,
    0x66, 0xf2, 0xaf, 0x48, 0xf7, 0xd1, 0x48, 0x83, 0xe9, 0x01, 0x48, 0x03, 0xc9, 0x48, 0x3b, 0xcb,
    0x48, 0x0f, 0x42, 0xd9, 0x4d, 0x85, 0xc0, 0x48, 0x8d, 0x73, 0x2a, 0x74, 0x60, 0x40, 0x8a, 0xd6,
    0x49, 0x8b, 0xc8, 0xff, 0x15, 0x57, 0x0e, 0x00, 0x00, 0x48, 0x85, 0xc0, 0x48, 0x8b, 0xf8, 0x74,
    0x4c, 0x4c, 0x8b, 0xc6, 0x33, 0xd2, 0x48, 0x8b, 0xc8, 0xe8, 0x12, 0x04, 0x00, 0x00, 0x83, 0x67,
    0x10, 0x00, 0x48, 0x85, 0xdb, 0x66, 0xc7, 0x47, 0x04, 0x01, 0x00, 0x66, 0xc7, 0x47, 0x06, 0x28,
    0x00, 0xc7, 0x47, 0x0c, 0x03, 0x00, 0x07, 0xe0, 0xc7, 0x47, 0x14, 0x9a, 0x00, 0x00, 0xc0, 0x74,
    0x13, 0x48, 0x8d, 0x4f, 0x28, 0x48, 0x8d, 0x15, 0x4c, 0x0f, 0x00, 0x00, 0x4c, 0x8b, 0xc3, 0xe8,
    0x8c, 0x00, 0x00, 0x00, 0x48, 0x8b, 0xcf, 0xff, 0x15, 0x0b, 0x0e, 0x00, 0x00, 0x48, 0x8b, 0x5c,
    0x24, 0x30, 0x48, 0x8b, 0x74, 0x24, 0x38, 0x48, 0x83, 0xc4, 0x20, 0x5f, 0xc3, 0xcc, 0xcc, 0xcc,
    0xcc, 0xcc, 0xcc, 0xcc, 0xcc, 0xcc, 0x66, 0x66, 0x66, 0x90, 0x66, 0x66, 0x66, 0x90, 0x66, 0x90,
    0x48, 0x3b, 0x0d, 0x09, 0x1e, 0x00, 0x00, 0x75, 0x11, 0x48, 0xc1, 0xc1, 0x10, 0x66, 0xf7, 0xc1,
    0xff, 0xff, 0x75, 0x02, 0xf3, 0xc3, 0x48, 0xc1, 0xc9, 0x10, 0xe9, 0x09, 0x00, 0x00, 0x00, 0xcc,
    0xcc, 0xcc, 0xcc, 0xcc, 0xcc, 0xcc, 0xcc, 0xcc, 0x48, 0x83, 0xec, 0x38, 0x4c, 0x8b, 0x0d, 0xe5,
    0x1d, 0x00, 0x00, 0x4c, 0x8b, 0x05, 0xd6, 0x1d, 0x00, 0x00, 0x48, 0x83, 0x64, 0x24, 0x20, 0x00,
    0x48, 0x8b, 0xd1, 0xb9, 0xf7, 0x00, 0x00, 0x00, 0xff, 0x15, 0x4a, 0x0d, 0x00, 0x00, 0xcc, 0xcc,
    0xcc, 0xcc, 0xcc, 0xcc, 0xcc, 0xcc, 0x66, 0x66, 0x66, 0x90, 0x66, 0x66, 0x66, 0x90, 0x66, 0x90,
    0x4c, 0x8b, 0xd9, 0x48, 0x2b, 0xd1, 0x0f, 0x82, 0x9e, 0x01, 0x00, 0x00, 0x49, 0x83, 0xf8, 0x08,
    0x72, 0x61, 0xf6, 0xc1, 0x07, 0x74, 0x36, 0xf6, 0xc1, 0x01, 0x74, 0x0b, 0x8a, 0x04, 0x0a, 0x49,
    0xff, 0xc8, 0x88, 0x01, 0x48, 0xff, 0xc1, 0xf6, 0xc1, 0x02, 0x74, 0x0f, 0x66, 0x8b, 0x04, 0x0a,
    0x49, 0x83, 0xe8, 0x02, 0x66, 0x89, 0x01, 0x48, 0x83, 0xc1, 0x02, 0xf6, 0xc1, 0x04, 0x74, 0x0d,
    0x8b, 0x04, 0x0a, 0x49, 0x83, 0xe8, 0x04, 0x89, 0x01, 0x48, 0x83, 0xc1, 0x04, 0x4d, 0x8b, 0xc8,
    0x49, 0xc1, 0xe9, 0x05, 0x75, 0x51, 0x4d, 0x8b, 0xc8, 0x49, 0xc1, 0xe9, 0x03, 0x74, 0x14, 0x48,
    0x8b, 0x04, 0x0a, 0x48, 0x89, 0x01, 0x48, 0x83, 0xc1, 0x08, 0x49, 0xff, 0xc9, 0x75, 0xf0, 0x49,
    0x83, 0xe0, 0x07, 0x4d, 0x85, 0xc0, 0x75, 0x08, 0x49, 0x8b, 0xc3, 0xc3, 0x66, 0x66, 0x66, 0x90,
    0x8a, 0x04, 0x0a, 0x88, 0x01, 0x48, 0xff, 0xc1, 0x49, 0xff, 0xc8, 0x75, 0xf3, 0x49, 0x8b, 0xc3,
    0xc3, 0x66, 0x66, 0x66, 0x90, 0x66, 0x66, 0x66, 0x90, 0x66, 0x66, 0x66, 0x90, 0x66, 0x66, 0x90,
    0x66, 0x66, 0x66, 0x90, 0x66, 0x66, 0x90, 0x49, 0x81, 0xf9, 0x00, 0x20, 0x00, 0x00, 0x73, 0x42,
    0x48, 0x8b, 0x04, 0x0a, 0x4c, 0x8b, 0x54, 0x0a, 0x08, 0x48, 0x83, 0xc1, 0x20, 0x48, 0x89, 0x41,
    0xe0, 0x4c, 0x89, 0x51, 0xe8, 0x48, 0x8b, 0x44, 0x0a, 0xf0, 0x4c, 0x8b, 0x54, 0x0a, 0xf8, 0x49,
    0xff, 0xc9, 0x48, 0x89, 0x41, 0xf0, 0x4c, 0x89, 0x51, 0xf8, 0x75, 0xd4, 0x49, 0x83, 0xe0, 0x1f,
    0xe9, 0x71, 0xff, 0xff, 0xff, 0x66, 0x66, 0x66, 0x90, 0x66, 0x66, 0x66, 0x90, 0x66, 0x66, 0x90,
    0x66, 0x90, 0x48, 0x81, 0xfa, 0x00, 0x10, 0x00, 0x00, 0x72, 0xb5, 0xb8, 0x20, 0x00, 0x00, 0x00,
    0x0f, 0x18, 0x04, 0x0a, 0x0f, 0x18, 0x44, 0x0a, 0x40, 0x48, 0x81, 0xc1, 0x80, 0x00, 0x00, 0x00,
    0xff, 0xc8, 0x75, 0xec, 0x48, 0x81, 0xe9, 0x00, 0x10, 0x00, 0x00, 0xb8, 0x40, 0x00, 0x00, 0x00,
    0x4c, 0x8b, 0x0c, 0x0a, 0x4c, 0x8b, 0x54, 0x0a, 0x08, 0x4c, 0x0f, 0xc3, 0x09, 0x4c, 0x0f, 0xc3,
    0x51, 0x08, 0x4c, 0x8b, 0x4c, 0x0a, 0x10, 0x4c, 0x8b, 0x54, 0x0a, 0x18, 0x4c, 0x0f, 0xc3, 0x49,
    0x10, 0x4c, 0x0f, 0xc3, 0x51, 0x18, 0x4c, 0x8b, 0x4c, 0x0a, 0x20, 0x4c, 0x8b, 0x54, 0x0a, 0x28,
    0x48, 0x83, 0xc1, 0x40, 0x4c, 0x0f, 0xc3, 0x49, 0xe0, 0x4c, 0x0f, 0xc3, 0x51, 0xe8, 0x4c, 0x8b,
    0x4c, 0x0a, 0xf0, 0x4c, 0x8b, 0x54, 0x0a, 0xf8, 0xff, 0xc8, 0x4c, 0x0f, 0xc3, 0x49, 0xf0, 0x4c,
    0x0f, 0xc3, 0x51, 0xf8, 0x75, 0xaa, 0x49, 0x81, 0xe8, 0x00, 0x10, 0x00, 0x00, 0x49, 0x81, 0xf8,
    0x00, 0x10, 0x00, 0x00, 0x0f, 0x83, 0x71, 0xff, 0xff, 0xff, 0xf0, 0x80, 0x0c, 0x24, 0x00, 0xe9,
    0xb9, 0xfe, 0xff, 0xff, 0x66, 0x66, 0x66, 0x90, 0x66, 0x66, 0x66, 0x90, 0x66, 0x66, 0x66, 0x90,
    0x66, 0x66, 0x66, 0x90, 0x66, 0x66, 0x66, 0x90, 0x66, 0x90, 0x49, 0x03, 0xc8, 0x49, 0x83, 0xf8,
    0x08, 0x72, 0x61, 0xf6, 0xc1, 0x07, 0x74, 0x36, 0xf6, 0xc1, 0x01, 0x74, 0x0b, 0x48, 0xff, 0xc9,
    0x8a, 0x04, 0x0a, 0x49, 0xff, 0xc8, 0x88, 0x01, 0xf6, 0xc1, 0x02, 0x74, 0x0f, 0x48, 0x83, 0xe9,
    0x02, 0x66, 0x8b, 0x04, 0x0a, 0x49, 0x83, 0xe8, 0x02, 0x66, 0x89, 0x01, 0xf6, 0xc1, 0x04, 0x74,
    0x0d, 0x48, 0x83, 0xe9, 0x04, 0x8b, 0x04, 0x0a, 0x49, 0x83, 0xe8, 0x04, 0x89, 0x01, 0x4d, 0x8b,
    0xc8, 0x49, 0xc1, 0xe9, 0x05, 0x75, 0x50, 0x4d, 0x8b, 0xc8, 0x49, 0xc1, 0xe9, 0x03, 0x74, 0x14,
    0x48, 0x83, 0xe9, 0x08, 0x48, 0x8b, 0x04, 0x0a, 0x49, 0xff, 0xc9, 0x48, 0x89, 0x01, 0x75, 0xf0,
    0x49, 0x83, 0xe0, 0x07, 0x4d, 0x85, 0xc0, 0x75, 0x07, 0x49, 0x8b, 0xc3, 0xc3, 0x66, 0x66, 0x90,
    0x48, 0xff, 0xc9, 0x8a, 0x04, 0x0a, 0x49, 0xff, 0xc8, 0x88, 0x01, 0x75, 0xf3, 0x49, 0x8b, 0xc3,
    0xc3, 0x66, 0x66, 0x66, 0x90, 0x66, 0x66, 0x66, 0x90, 0x66, 0x66, 0x66, 0x90, 0x66, 0x66, 0x90,
    0x66, 0x66, 0x66, 0x90, 0x66, 0x66, 0x90, 0x49, 0x81, 0xf9, 0x00, 0x20, 0x00, 0x00, 0x73, 0x42,
    0x48, 0x8b, 0x44, 0x0a, 0xf8, 0x4c, 0x8b, 0x54, 0x0a, 0xf0, 0x48, 0x83, 0xe9, 0x20, 0x48, 0x89,
    0x41, 0x18, 0x4c, 0x89, 0x51, 0x10, 0x48, 0x8b, 0x44, 0x0a, 0x08, 0x4c, 0x8b, 0x14, 0x0a, 0x49,
    0xff, 0xc9, 0x48, 0x89, 0x41, 0x08, 0x4c, 0x89, 0x11, 0x75, 0xd5, 0x49, 0x83, 0xe0, 0x1f, 0xe9,
    0x73, 0xff, 0xff, 0xff, 0x66, 0x66, 0x66, 0x90, 0x66, 0x66, 0x66, 0x90, 0x66, 0x66, 0x66, 0x90,
    0x66, 0x90, 0x48, 0x81, 0xfa, 0x00, 0xf0, 0xff, 0xff, 0x77, 0xb5, 0xb8, 0x20, 0x00, 0x00, 0x00,
    0x48, 0x81, 0xe9, 0x80, 0x00, 0x00, 0x00, 0x0f, 0x18, 0x04, 0x0a, 0x0f, 0x18, 0x44, 0x0a, 0x40,
    0xff, 0xc8, 0x75, 0xec, 0x48, 0x81, 0xc1, 0x00, 0x10, 0x00, 0x00, 0xb8, 0x40, 0x00, 0x00, 0x00,
    0x4c, 0x8b, 0x4c, 0x0a, 0xf8, 0x4c, 0x8b, 0x54, 0x0a, 0xf0, 0x4c, 0x0f, 0xc3, 0x49, 0xf8, 0x4c,
    0x0f, 0xc3, 0x51, 0xf0, 0x4c, 0x8b, 0x4c, 0x0a, 0xe8, 0x4c, 0x8b, 0x54, 0x0a, 0xe0, 0x4c, 0x0f,
    0xc3, 0x49, 0xe8, 0x4c, 0x0f, 0xc3, 0x51, 0xe0, 0x4c, 0x8b, 0x4c, 0x0a, 0xd8, 0x4c, 0x8b, 0x54,
    0x0a, 0xd0, 0x48, 0x83, 0xe9, 0x40, 0x4c, 0x0f, 0xc3, 0x49, 0x18, 0x4c, 0x0f, 0xc3, 0x51, 0x10,
    0x4c, 0x8b, 0x4c, 0x0a, 0x08, 0x4c, 0x8b, 0x14, 0x0a, 0xff, 0xc8, 0x4c, 0x0f, 0xc3, 0x49, 0x08,
    0x4c, 0x0f, 0xc3, 0x11, 0x75, 0xaa, 0x49, 0x81, 0xe8, 0x00, 0x10, 0x00, 0x00, 0x49, 0x81, 0xf8,
    0x00, 0x10, 0x00, 0x00, 0x0f, 0x83, 0x71, 0xff, 0xff, 0xff, 0xf0, 0x80, 0x0c, 0x24, 0x00, 0xe9,
    0xba, 0xfe, 0xff, 0xff, 0xcc, 0xcc, 0xcc, 0xcc, 0xcc, 0xcc, 0xcc, 0xcc, 0xcc, 0xcc, 0xcc, 0xcc,
    0xcc, 0xcc, 0xcc, 0xcc, 0xcc, 0xcc, 0x66, 0x66, 0x66, 0x90, 0x66, 0x66, 0x66, 0x90, 0x66, 0x90,
    0x48, 0x8b, 0xc1, 0x49, 0x83, 0xf8, 0x08, 0x72, 0x53, 0x0f, 0xb6, 0xd2, 0x49, 0xb9, 0x01, 0x01,
    0x01, 0x01, 0x01, 0x01, 0x01, 0x01, 0x49, 0x0f, 0xaf, 0xd1, 0x49, 0x83, 0xf8, 0x40, 0x72, 0x1e,
    0x48, 0xf7, 0xd9, 0x83, 0xe1, 0x07, 0x74, 0x06, 0x4c, 0x2b, 0xc1, 0x48, 0x89, 0x10, 0x48, 0x03,
    0xc8, 0x4d, 0x8b, 0xc8, 0x49, 0x83, 0xe0, 0x3f, 0x49, 0xc1, 0xe9, 0x06, 0x75, 0x39, 0x4d, 0x8b,
    0xc8, 0x49, 0x83, 0xe0, 0x07, 0x49, 0xc1, 0xe9, 0x03, 0x74, 0x11, 0x66, 0x66, 0x66, 0x90, 0x90,
    0x48, 0x89, 0x11, 0x48, 0x83, 0xc1, 0x08, 0x49, 0xff, 0xc9, 0x75, 0xf4, 0x4d, 0x85, 0xc0, 0x74,
    0x0a, 0x88, 0x11, 0x48, 0xff, 0xc1, 0x49, 0xff, 0xc8, 0x75, 0xf6, 0xc3, 0x66, 0x66, 0x66, 0x90,
    0x66, 0x66, 0x66, 0x90, 0x66, 0x66, 0x90, 0x49, 0x81, 0xf9, 0x00, 0x1c, 0x00, 0x00, 0x73, 0x30,
    0x48, 0x89, 0x11, 0x48, 0x89, 0x51, 0x08, 0x48, 0x89, 0x51, 0x10, 0x48, 0x83, 0xc1, 0x40, 0x48,
    0x89, 0x51, 0xd8, 0x48, 0x89, 0x51, 0xe0, 0x49, 0xff, 0xc9, 0x48, 0x89, 0x51, 0xe8, 0x48, 0x89,
    0x51, 0xf0, 0x48, 0x89, 0x51, 0xf8, 0x75, 0xd8, 0xeb, 0x94, 0x66, 0x66, 0x90, 0x66, 0x66, 0x90,
    0x48, 0x0f, 0xc3, 0x11, 0x48, 0x0f, 0xc3, 0x51, 0x08, 0x48, 0x0f, 0xc3, 0x51, 0x10, 0x48, 0x83,
    0xc1, 0x40, 0x48, 0x0f, 0xc3, 0x51, 0xd8, 0x48, 0x0f, 0xc3, 0x51, 0xe0, 0x49, 0xff, 0xc9, 0x48,
    0x0f, 0xc3, 0x51, 0xe8, 0x48, 0x0f, 0xc3, 0x51, 0xf0, 0x48, 0x0f, 0xc3, 0x51, 0xf8, 0x75, 0xd0,
    0xf0, 0x80, 0x0c, 0x24, 0x00, 0xe9, 0x54, 0xff, 0xff, 0xff, 0xcc, 0xcc, 0xcc, 0xcc, 0xcc, 0xcc,
    0x5c, 0x00, 0x44, 0x00, 0x6f, 0x00, 0x73, 0x00, 0x44, 0x00, 0x65, 0x00, 0x76, 0x00, 0x69, 0x00,
    0x63, 0x00, 0x65, 0x00, 0x73, 0x00, 0x5c, 0x00, 0x64, 0x00, 0x70, 0x00, 0x63, 0x00, 0x6c, 0x00,
    0x61, 0x00, 0x74, 0x00, 0x5f, 0x00, 0x73, 0x00, 0x74, 0x00, 0x61, 0x00, 0x74, 0x00, 0x69, 0x00,
    0x63, 0x00, 0x5f, 0x00, 0x64, 0x00, 0x65, 0x00, 0x76, 0x00, 0x69, 0x00, 0x63, 0x00, 0x65, 0x00,
    0x00, 0x00, 0xcc, 0xcc, 0xcc, 0xcc, 0xcc, 0xcc, 0xcc, 0xcc, 0xcc, 0xcc, 0xcc, 0xcc, 0xcc, 0xcc,
    0x5c, 0x00, 0x44, 0x00, 0x65, 0x00, 0x76, 0x00, 0x69, 0x00, 0x63, 0x00, 0x65, 0x00, 0x5c, 0x00,
    0x64, 0x00, 0x70, 0x00, 0x63, 0x00, 0x6c, 0x00, 0x61, 0x00, 0x74, 0x00, 0x5f, 0x00, 0x73, 0x00,
    0x74, 0x00, 0x61, 0x00, 0x74, 0x00, 0x69, 0x00, 0x63, 0x00, 0x5f, 0x00, 0x64, 0x00, 0x65, 0x00,
    0x76, 0x00, 0x69, 0x00, 0x63, 0x00, 0x65, 0x00, 0x00, 0x00, 0x00, 0x00, 0x00, 0x00, 0x00, 0x00,
    0x00, 0x00, 0x00, 0x00, 0x00, 0x00, 0x00, 0x00, 0x00, 0x00, 0x00, 0x00, 0x00, 0x00, 0x00, 0x00,
    0x00, 0x00, 0x00, 0x00, 0x00, 0x00, 0x00, 0x00, 0x00, 0x00, 0x00, 0x00, 0x00, 0x00, 0x00, 0x00,
    0x00, 0x00, 0x00, 0x00, 0x00, 0x00, 0x00, 0x00, 0x00, 0x00, 0x00, 0x00, 0x00, 0x00, 0x00, 0x00,
    0x00, 0x00, 0x00, 0x00, 0x00, 0x00, 0x00, 0x00, 0x00, 0x00, 0x00, 0x00, 0x00, 0x00, 0x00, 0x00,
    0x00, 0x00, 0x00, 0x00, 0x00, 0x00, 0x00, 0x00, 0x00, 0x00, 0x00, 0x00, 0x00, 0x00, 0x00, 0x00,
    0x00, 0x00, 0x00, 0x00, 0x00, 0x00, 0x00, 0x00, 0x00, 0x00, 0x00, 0x00, 0x00, 0x00, 0x00, 0x00,
    0x00, 0x00, 0x00, 0x00, 0x00, 0x00, 0x00, 0x00, 0x00, 0x00, 0x00, 0x00, 0x00, 0x00, 0x00, 0x00,
    0x00, 0x00, 0x00, 0x00, 0x00, 0x00, 0x00, 0x00, 0x00, 0x00, 0x00, 0x00, 0x00, 0x00, 0x00, 0x00,
    0x00, 0x00, 0x00, 0x00, 0x00, 0x00, 0x00, 0x00, 0x00, 0x00, 0x00, 0x00, 0x00, 0x00, 0x00, 0x00,
    0x00, 0x00, 0x00, 0x00, 0x00, 0x00, 0x00, 0x00, 0x00, 0x00, 0x00, 0x00, 0x00, 0x00, 0x00, 0x00,
    0x00, 0x00, 0x00, 0x00, 0x00, 0x00, 0x00, 0x00, 0x00, 0x00, 0x00, 0x00, 0x00, 0x00, 0x00, 0x00,
    0x00, 0x00, 0x00, 0x00, 0x00, 0x00, 0x00, 0x00, 0x00, 0x00, 0x00, 0x00, 0x00, 0x00, 0x00, 0x00,
    0x00, 0x00, 0x00, 0x00, 0x00, 0x00, 0x00, 0x00, 0x00, 0x00, 0x00, 0x00, 0x00, 0x00, 0x00, 0x00,
    0x00, 0x00, 0x00, 0x00, 0x00, 0x00, 0x00, 0x00, 0x00, 0x00, 0x00, 0x00, 0x00, 0x00, 0x00, 0x00,
    0x00, 0x00, 0x00, 0x00, 0x00, 0x00, 0x00, 0x00, 0x00, 0x00, 0x00, 0x00, 0x00, 0x00, 0x00, 0x00,
    0x00, 0x00, 0x00, 0x00, 0x00, 0x00, 0x00, 0x00, 0x00, 0x00, 0x00, 0x00, 0x00, 0x00, 0x00, 0x00,
    0x00, 0x00, 0x00, 0x00, 0x00, 0x00, 0x00, 0x00, 0x00, 0x00, 0x00, 0x00, 0x00, 0x00, 0x00, 0x00,
    0x00, 0x00, 0x00, 0x00, 0x00, 0x00, 0x00, 0x00, 0x00, 0x00, 0x00, 0x00, 0x00, 0x00, 0x00, 0x00,
    0x00, 0x00, 0x00, 0x00, 0x00, 0x00, 0x00, 0x00, 0x00, 0x00, 0x00, 0x00, 0x00, 0x00, 0x00, 0x00,
    0x00, 0x00, 0x00, 0x00, 0x00, 0x00, 0x00, 0x00, 0x00, 0x00, 0x00, 0x00, 0x00, 0x00, 0x00, 0x00,
    0x00, 0x00, 0x00, 0x00, 0x00, 0x00, 0x00, 0x00, 0x00, 0x00, 0x00, 0x00, 0x00, 0x00, 0x00, 0x00,
    0x00, 0x00, 0x00, 0x00, 0x00, 0x00, 0x00, 0x00, 0x00, 0x00, 0x00, 0x00, 0x00, 0x00, 0x00, 0x00,
    0x00, 0x00, 0x00, 0x00, 0x00, 0x00, 0x00, 0x00, 0x00, 0x00, 0x00, 0x00, 0x00, 0x00, 0x00, 0x00,
    0x00, 0x00, 0x00, 0x00, 0x00, 0x00, 0x00, 0x00, 0x00, 0x00, 0x00, 0x00, 0x00, 0x00, 0x00, 0x00,
    0x00, 0x00, 0x00, 0x00, 0x00, 0x00, 0x00, 0x00, 0x00, 0x00, 0x00, 0x00, 0x00, 0x00, 0x00, 0x00,
    0x00, 0x00, 0x00, 0x00, 0x00, 0x00, 0x00, 0x00, 0x00, 0x00, 0x00, 0x00, 0x00, 0x00, 0x00, 0x00,
    0x00, 0x00, 0x00, 0x00, 0x00, 0x00, 0x00, 0x00, 0x00, 0x00, 0x00, 0x00, 0x00, 0x00, 0x00, 0x00,
    0x00, 0x00, 0x00, 0x00, 0x00, 0x00, 0x00, 0x00, 0x00, 0x00, 0x00, 0x00, 0x00, 0x00, 0x00, 0x00,
    0x00, 0x00, 0x00, 0x00, 0x00, 0x00, 0x00, 0x00, 0x00, 0x00, 0x00, 0x00, 0x00, 0x00, 0x00, 0x00,
    0x00, 0x00, 0x00, 0x00, 0x00, 0x00, 0x00, 0x00, 0x00, 0x00, 0x00, 0x00, 0x00, 0x00, 0x00, 0x00,
    0x2e, 0x63, 0x00, 0x00, 0x00, 0x00, 0x00, 0x00, 0x00, 0x00, 0x00, 0x00, 0x00, 0x00, 0x00, 0x00,
    0xaa, 0x61, 0x00, 0x00, 0x00, 0x00, 0x00, 0x00, 0xc0, 0x61, 0x00, 0x00, 0x00, 0x00, 0x00, 0x00,
    0xd0, 0x61, 0x00, 0x00, 0x00, 0x00, 0x00, 0x00, 0xe4, 0x61, 0x00, 0x00, 0x00, 0x00, 0x00, 0x00,
    0x02, 0x62, 0x00, 0x00, 0x00, 0x00, 0x00, 0x00, 0x1a, 0x62, 0x00, 0x00, 0x00, 0x00, 0x00, 0x00,
    0x32, 0x62, 0x00, 0x00, 0x00, 0x00, 0x00, 0x00, 0x52, 0x62, 0x00, 0x00, 0x00, 0x00, 0x00, 0x00,
    0x96, 0x61, 0x00, 0x00, 0x00, 0x00, 0x00, 0x00, 0x7e, 0x62, 0x00, 0x00, 0x00, 0x00, 0x00, 0x00,
    0x96, 0x62, 0x00, 0x00, 0x00, 0x00, 0x00, 0x00, 0xa8, 0x62, 0x00, 0x00, 0x00, 0x00, 0x00, 0x00,
    0xba, 0x62, 0x00, 0x00, 0x00, 0x00, 0x00, 0x00, 0xd8, 0x62, 0x00, 0x00, 0x00, 0x00, 0x00, 0x00,
    0xf8, 0x62, 0x00, 0x00, 0x00, 0x00, 0x00, 0x00, 0x10, 0x63, 0x00, 0x00, 0x00, 0x00, 0x00, 0x00,
    0x6a, 0x62, 0x00, 0x00, 0x00, 0x00, 0x00, 0x00, 0x88, 0x61, 0x00, 0x00, 0x00, 0x00, 0x00, 0x00,
    0x52, 0x63, 0x00, 0x00, 0x00, 0x00, 0x00, 0x00, 0x6a, 0x63, 0x00, 0x00, 0x00, 0x00, 0x00, 0x00,
    0x7e, 0x63, 0x00, 0x00, 0x00, 0x00, 0x00, 0x00, 0x94, 0x63, 0x00, 0x00, 0x00, 0x00, 0x00, 0x00,
    0xa6, 0x63, 0x00, 0x00, 0x00, 0x00, 0x00, 0x00, 0xb8, 0x63, 0x00, 0x00, 0x00, 0x00, 0x00, 0x00,
    0xd2, 0x63, 0x00, 0x00, 0x00, 0x00, 0x00, 0x00, 0xec, 0x63, 0x00, 0x00, 0x00, 0x00, 0x00, 0x00,
    0x00, 0x00, 0x00, 0x00, 0x00, 0x00, 0x00, 0x00, 0x00, 0x00, 0x00, 0x00, 0x00, 0x00, 0x00, 0x00,
    0x00, 0x00, 0x00, 0x00, 0xce, 0xb8, 0xb3, 0x54, 0x00, 0x00, 0x00, 0x00, 0x02, 0x00, 0x00, 0x00,
    0x55, 0x00, 0x00, 0x00, 0x34, 0x32, 0x00, 0x00, 0x34, 0x20, 0x00, 0x00, 0x00, 0x00, 0x00, 0x00,
    0x08, 0x10, 0x01, 0x00, 0x00, 0x00, 0x00, 0x00, 0x38, 0x10, 0x01, 0x00, 0x00, 0x00, 0x00, 0x00,
    0xd8, 0x10, 0x01, 0x00, 0x00, 0x00, 0x00, 0x00, 0x08, 0x11, 0x01, 0x00, 0x00, 0x00, 0x00, 0x00,
    0x30, 0x12, 0x01, 0x00, 0x00, 0x00, 0x00, 0x00, 0x88, 0x21, 0x01, 0x00, 0x00, 0x00, 0x00, 0x00,
    0x88, 0x21, 0x01, 0x00, 0x00, 0x00, 0x00, 0x00, 0x88, 0x21, 0x01, 0x00, 0x00, 0x00, 0x00, 0x00,
    0xbc, 0x14, 0x01, 0x00, 0x00, 0x00, 0x00, 0x00, 0xf4, 0x13, 0x01, 0x00, 0x00, 0x00, 0x00, 0x00,
    0xbc, 0x14, 0x01, 0x00, 0x00, 0x00, 0x00, 0x00, 0xf8, 0x17, 0x01, 0x00, 0x00, 0x00, 0x00, 0x00,
    0x88, 0x21, 0x01, 0x00, 0x00, 0x00, 0x00, 0x00, 0xe4, 0x14, 0x01, 0x00, 0x00, 0x00, 0x00, 0x00,
    0x88, 0x21, 0x01, 0x00, 0x00, 0x00, 0x00, 0x00, 0x08, 0x10, 0x01, 0x00, 0x00, 0x00, 0x00, 0x00,
    0x04, 0x21, 0x01, 0x00, 0x00, 0x00, 0x00, 0x00, 0xf8, 0x20, 0x01, 0x00, 0x00, 0x00, 0x00, 0x00,
    0x08, 0x11, 0x01, 0x00, 0x00, 0x00, 0x00, 0x00, 0x00, 0x00, 0x00, 0x00, 0x00, 0x00, 0x00, 0x00,
    0x10, 0x21, 0x01, 0x00, 0x00, 0x00, 0x00, 0x00, 0x88, 0x21, 0x01, 0x00, 0x00, 0x00, 0x00, 0x00,
    0x88, 0x21, 0x01, 0x00, 0x00, 0x00, 0x00, 0x00, 0x88, 0x21, 0x01, 0x00, 0x00, 0x00, 0x00, 0x00,
    0x88, 0x21, 0x01, 0x00, 0x00, 0x00, 0x00, 0x00, 0x88, 0x21, 0x01, 0x00, 0x00, 0x00, 0x00, 0x00,
    0x88, 0x21, 0x01, 0x00, 0x00, 0x00, 0x00, 0x00, 0x88, 0x21, 0x01, 0x00, 0x00, 0x00, 0x00, 0x00,
    0x88, 0x21, 0x01, 0x00, 0x00, 0x00, 0x00, 0x00, 0x88, 0x21, 0x01, 0x00, 0x00, 0x00, 0x00, 0x00,
    0x88, 0x21, 0x01, 0x00, 0x00, 0x00, 0x00, 0x00, 0x49, 0x00, 0x6e, 0x00, 0x73, 0x00, 0x75, 0x00,
    0x66, 0x00, 0x66, 0x00, 0x69, 0x00, 0x63, 0x00, 0x69, 0x00, 0x65, 0x00, 0x6e, 0x00, 0x74, 0x00,
    0x20, 0x00, 0x6d, 0x00, 0x65, 0x00, 0x6d, 0x00, 0x6f, 0x00, 0x72, 0x00, 0x79, 0x00, 0x2e, 0x00,
    0x00, 0x00, 0x00, 0x00, 0x52, 0x53, 0x44, 0x53, 0xe4, 0xcf, 0x2c, 0x2a, 0xea, 0xf1, 0x81, 0x49,
    0xbd, 0x5c, 0x1e, 0x2b, 0xbc, 0xf4, 0x10, 0x66, 0x01, 0x00, 0x00, 0x00, 0x77, 0x3a, 0x5c, 0x5f,
    0x74, 0x68, 0x65, 0x73, 0x79, 0x63, 0x6f, 0x6e, 0x5c, 0x74, 0x6f, 0x6f, 0x6c, 0x73, 0x5c, 0x64,
    0x70, 0x63, 0x6c, 0x61, 0x74, 0x5c, 0x5f, 0x6d, 0x61, 0x69, 0x6e, 0x5c, 0x62, 0x69, 0x6e, 0x5c,
    0x66, 0x72, 0x65, 0x5c, 0x61, 0x6d, 0x64, 0x36, 0x34, 0x5c, 0x64, 0x70, 0x63, 0x6c, 0x61, 0x74,
    0x5f, 0x78, 0x36, 0x34, 0x2e, 0x70, 0x64, 0x62, 0x00, 0x00, 0x00, 0x00, 0x01, 0x04, 0x01, 0x00,
    0x04, 0x62, 0x00, 0x00, 0x01, 0x0a, 0x04, 0x00, 0x0a, 0x34, 0x0e, 0x00, 0x0a, 0xb2, 0x06, 0x70,
    0x01, 0x0a, 0x04, 0x00, 0x0a, 0x34, 0x06, 0x00, 0x0a, 0x32, 0x06, 0x70, 0x01, 0x04, 0x01, 0x00,
    0x04, 0x42, 0x00, 0x00, 0x01, 0x06, 0x02, 0x00, 0x06, 0x32, 0x02, 0x30, 0x01, 0x0f, 0x06, 0x00,
    0x0f, 0x64, 0x09, 0x00, 0x0f, 0x34, 0x08, 0x00, 0x0f, 0x52, 0x0b, 0x70, 0x01, 0x0c, 0x04, 0x00,
    0x0c, 0x34, 0x08, 0x00, 0x0c, 0x52, 0x08, 0x70, 0x01, 0x1b, 0x0a, 0x00, 0x1b, 0x54, 0x0e, 0x00,
    0x1b, 0x34, 0x0c, 0x00, 0x1b, 0x52, 0x17, 0xe0, 0x15, 0xd0, 0x13, 0xc0, 0x11, 0x70, 0x10, 0x60,
    0x01, 0x19, 0x0a, 0x00, 0x19, 0x74, 0x0b, 0x00, 0x19, 0x64, 0x0a, 0x00, 0x19, 0x54, 0x09, 0x00,
    0x19, 0x34, 0x08, 0x00, 0x19, 0x52, 0x15, 0xc0, 0x01, 0x0f, 0x06, 0x00, 0x0f, 0x64, 0x08, 0x00,
    0x0f, 0x34, 0x07, 0x00, 0x0f, 0x32, 0x0b, 0x70, 0x01, 0x14, 0x08, 0x00, 0x14, 0x64, 0x0a, 0x00,
    0x14, 0x54, 0x09, 0x00, 0x14, 0x34, 0x08, 0x00, 0x14, 0x52, 0x10, 0x70, 0x01, 0x0f, 0x06, 0x00,
    0x0f, 0x64, 0x07, 0x00, 0x0f, 0x34, 0x06, 0x00, 0x0f, 0x32, 0x0b, 0x70, 0x00, 0x00, 0x00, 0x00,
    0x00, 0x00, 0x00, 0x00, 0x00, 0x00, 0x00, 0x00, 0x00, 0x00, 0x00, 0x00, 0x00, 0x00, 0x00, 0x00,
    0x00, 0x00, 0x00, 0x00, 0x00, 0x00, 0x00, 0x00, 0x00, 0x00, 0x00, 0x00, 0x00, 0x00, 0x00, 0x00,
    0x00, 0x00, 0x00, 0x00, 0x00, 0x00, 0x00, 0x00, 0x00, 0x00, 0x00, 0x00, 0x00, 0x00, 0x00, 0x00,
    0x00, 0x00, 0x00, 0x00, 0x00, 0x00, 0x00, 0x00, 0x00, 0x00, 0x00, 0x00, 0x00, 0x00, 0x00, 0x00,
    0x00, 0x00, 0x00, 0x00, 0x00, 0x00, 0x00, 0x00, 0x00, 0x00, 0x00, 0x00, 0x00, 0x00, 0x00, 0x00,
    0x00, 0x00, 0x00, 0x00, 0x00, 0x00, 0x00, 0x00, 0x00, 0x00, 0x00, 0x00, 0x00, 0x00, 0x00, 0x00,
    0x00, 0x00, 0x00, 0x00, 0x00, 0x00, 0x00, 0x00, 0x00, 0x00, 0x00, 0x00, 0x00, 0x00, 0x00, 0x00,
    0x00, 0x00, 0x00, 0x00, 0x00, 0x00, 0x00, 0x00, 0x00, 0x00, 0x00, 0x00, 0x00, 0x00, 0x00, 0x00,
    0x00, 0x00, 0x00, 0x00, 0x00, 0x00, 0x00, 0x00, 0x00, 0x00, 0x00, 0x00, 0x00, 0x00, 0x00, 0x00,
    0x00, 0x00, 0x00, 0x00, 0x00, 0x00, 0x00, 0x00, 0x00, 0x00, 0x00, 0x00, 0x00, 0x00, 0x00, 0x00,
    0x00, 0x00, 0x00, 0x00, 0x00, 0x00, 0x00, 0x00, 0x00, 0x00, 0x00, 0x00, 0x00, 0x00, 0x00, 0x00,
    0x00, 0x00, 0x00, 0x00, 0x00, 0x00, 0x00, 0x00, 0x00, 0x00, 0x00, 0x00, 0x00, 0x00, 0x00, 0x00,
    0x00, 0x00, 0x00, 0x00, 0x00, 0x01, 0x00, 0x00, 0x00, 0x00, 0x00, 0x00, 0x00, 0x00, 0x00, 0x00,
    0x00, 0x00, 0x00, 0x00, 0x00, 0x00, 0x00, 0x00, 0x00, 0x00, 0x00, 0x00, 0x00, 0x00, 0x00, 0x00,
    0x00, 0x00, 0x00, 0x00, 0x00, 0x00, 0x00, 0x00, 0x00, 0x00, 0x00, 0x00, 0x00, 0x00, 0x00, 0x00,
    0x00, 0x00, 0x00, 0x00, 0x00, 0x00, 0x00, 0x00, 0x00, 0x00, 0x00, 0x00, 0x00, 0x00, 0x00, 0x00,
    0x00, 0x00, 0x00, 0x00, 0x00, 0x00, 0x00, 0x00, 0x00, 0x00, 0x00, 0x00, 0x00, 0x00, 0x00, 0x00,
    0x00, 0x00, 0x00, 0x00, 0x00, 0x00, 0x00, 0x00, 0x00, 0x00, 0x00, 0x00, 0x00, 0x00, 0x00, 0x00,
    0x00, 0x00, 0x00, 0x00, 0x00, 0x00, 0x00, 0x00, 0x00, 0x00, 0x00, 0x00, 0x00, 0x00, 0x00, 0x00,
    0x00, 0x00, 0x00, 0x00, 0x00, 0x00, 0x00, 0x00, 0x00, 0x00, 0x00, 0x00, 0x00, 0x00, 0x00, 0x00,
    0x00, 0x00, 0x00, 0x00, 0x00, 0x00, 0x00, 0x00, 0x00, 0x00, 0x00, 0x00, 0x00, 0x00, 0x00, 0x00,
    0x00, 0x00, 0x00, 0x00, 0x00, 0x00, 0x00, 0x00, 0x00, 0x00, 0x00, 0x00, 0x00, 0x00, 0x00, 0x00,
    0x00, 0x00, 0x00, 0x00, 0x00, 0x00, 0x00, 0x00, 0x00, 0x00, 0x00, 0x00, 0x00, 0x00, 0x00, 0x00,
    0x00, 0x00, 0x00, 0x00, 0x00, 0x00, 0x00, 0x00, 0x00, 0x00, 0x00, 0x00, 0x00, 0x00, 0x00, 0x00,
    0x00, 0x00, 0x00, 0x00, 0x00, 0x00, 0x00, 0x00, 0x00, 0x00, 0x00, 0x00, 0x00, 0x00, 0x00, 0x00,
    0x00, 0x00, 0x00, 0x00, 0x00, 0x00, 0x00, 0x00, 0x00, 0x00, 0x00, 0x00, 0x00, 0x00, 0x00, 0x00,
    0x00, 0x00, 0x00, 0x00, 0x00, 0x00, 0x00, 0x00, 0x00, 0x00, 0x00, 0x00, 0x00, 0x00, 0x00, 0x00,
    0x00, 0x00, 0x00, 0x00, 0x00, 0x00, 0x00, 0x00, 0x00, 0x00, 0x00, 0x00, 0x00, 0x00, 0x00, 0x00,
    0x32, 0xa2, 0xdf, 0x2d, 0x99, 0x2b, 0x00, 0x00, 0xcd, 0x5d, 0x20, 0xd2, 0x66, 0xd4, 0xff, 0xff,
    0x4b, 0x6e, 0x4b, 0x6e, 0x00, 0x00, 0x00, 0x00, 0x00, 0x00, 0x00, 0x00, 0x00, 0x00, 0x00, 0x00,
    0x00, 0x00, 0x00, 0x00, 0x00, 0x00, 0x00, 0x00, 0x00, 0x00, 0x00, 0x00, 0x00, 0x00, 0x00, 0x00,
    0x00, 0x00, 0x00, 0x00, 0x00, 0x00, 0x00, 0x00, 0x00, 0x00, 0x00, 0x00, 0x00, 0x00, 0x00, 0x00,
    0x00, 0x00, 0x00, 0x00, 0x00, 0x00, 0x00, 0x00, 0x00, 0x00, 0x00, 0x00, 0x00, 0x00, 0x00, 0x00,
    0x00, 0x00, 0x00, 0x00, 0x00, 0x00, 0x00, 0x00, 0x00, 0x00, 0x00, 0x00, 0x00, 0x00, 0x00, 0x00,
    0x00, 0x00, 0x00, 0x00, 0x00, 0x00, 0x00, 0x00, 0x00, 0x00, 0x00, 0x00, 0x00, 0x00, 0x00, 0x00,
    0x00, 0x00, 0x00, 0x00, 0x00, 0x00, 0x00, 0x00, 0x00, 0x00, 0x00, 0x00, 0x00, 0x00, 0x00, 0x00,
    0x00, 0x00, 0x00, 0x00, 0x00, 0x00, 0x00, 0x00, 0x00, 0x00, 0x00, 0x00, 0x00, 0x00, 0x00, 0x00,
    0x00, 0x00, 0x00, 0x00, 0x00, 0x00, 0x00, 0x00, 0x00, 0x00, 0x00, 0x00, 0x00, 0x00, 0x00, 0x00,
    0x00, 0x00, 0x00, 0x00, 0x00, 0x00, 0x00, 0x00, 0x00, 0x00, 0x00, 0x00, 0x00, 0x00, 0x00, 0x00,
    0x00, 0x00, 0x00, 0x00, 0x00, 0x00, 0x00, 0x00, 0x00, 0x00, 0x00, 0x00, 0x00, 0x00, 0x00, 0x00,
    0x00, 0x00, 0x00, 0x00, 0x00, 0x00, 0x00, 0x00, 0x00, 0x00, 0x00, 0x00, 0x00, 0x00, 0x00, 0x00,
    0x00, 0x00, 0x00, 0x00, 0x00, 0x00, 0x00, 0x00, 0x00, 0x00, 0x00, 0x00, 0x00, 0x00, 0x00, 0x00,
    0x00, 0x00, 0x00, 0x00, 0x00, 0x00, 0x00, 0x00, 0x00, 0x00, 0x00, 0x00, 0x00, 0x00, 0x00, 0x00,
    0x00, 0x00, 0x00, 0x00, 0x00, 0x00, 0x00, 0x00, 0x00, 0x00, 0x00, 0x00, 0x00, 0x00, 0x00, 0x00,
    0x08, 0x10, 0x00, 0x00, 0x31, 0x10, 0x00, 0x00, 0xb4, 0x32, 0x00, 0x00, 0x38, 0x10, 0x00, 0x00,
    0xd2, 0x10, 0x00, 0x00, 0x2c, 0x33, 0x00, 0x00, 0xd8, 0x10, 0x00, 0x00, 0xff, 0x10, 0x00, 0x00,
    0xb4, 0x32, 0x00, 0x00, 0x14, 0x11, 0x00, 0x00, 0x28, 0x12, 0x00, 0x00, 0x2c, 0x33, 0x00, 0x00,
    0x30, 0x12, 0x00, 0x00, 0x67, 0x12, 0x00, 0x00, 0xa0, 0x32, 0x00, 0x00, 0x70, 0x12, 0x00, 0x00,
    0x0e, 0x13, 0x00, 0x00, 0xbc, 0x32, 0x00, 0x00, 0x14, 0x13, 0x00, 0x00, 0xed, 0x13, 0x00, 0x00,
    0x94, 0x32, 0x00, 0x00, 0xf4, 0x13, 0x00, 0x00, 0xb6, 0x14, 0x00, 0x00, 0xf0, 0x32, 0x00, 0x00,
    0xbc, 0x14, 0x00, 0x00, 0xdb, 0x14, 0x00, 0x00, 0xac, 0x32, 0x00, 0x00, 0xe4, 0x14, 0x00, 0x00,
    0xf1, 0x17, 0x00, 0x00, 0xd8, 0x32, 0x00, 0x00, 0xf8, 0x17, 0x00, 0x00, 0x08, 0x19, 0x00, 0x00,
    0x18, 0x33, 0x00, 0x00, 0x10, 0x19, 0x00, 0x00, 0x26, 0x19, 0x00, 0x00, 0xac, 0x32, 0x00, 0x00,
    0x2c, 0x19, 0x00, 0x00, 0xfb, 0x19, 0x00, 0x00, 0x08, 0x33, 0x00, 0x00, 0x04, 0x1a, 0x00, 0x00,
    0x26, 0x1b, 0x00, 0x00, 0xcc, 0x32, 0x00, 0x00, 0x2c, 0x1b, 0x00, 0x00, 0x3a, 0x1d, 0x00, 0x00,
    0xf0, 0x32, 0x00, 0x00, 0x40, 0x1d, 0x00, 0x00, 0xa6, 0x1e, 0x00, 0x00, 0xbc, 0x32, 0x00, 0x00,
    0xac, 0x1e, 0x00, 0x00, 0xe8, 0x1e, 0x00, 0x00, 0xac, 0x32, 0x00, 0x00, 0x10, 0x1f, 0x00, 0x00,
    0x47, 0x1f, 0x00, 0x00, 0xac, 0x32, 0x00, 0x00, 0x50, 0x1f, 0x00, 0x00, 0x87, 0x1f, 0x00, 0x00,
    0xac, 0x32, 0x00, 0x00, 0x90, 0x1f, 0x00, 0x00, 0xd3, 0x1f, 0x00, 0x00, 0xb4, 0x32, 0x00, 0x00,
    0xdc, 0x1f, 0x00, 0x00, 0x17, 0x20, 0x00, 0x00, 0xac, 0x32, 0x00, 0x00, 0x20, 0x20, 0x00, 0x00,
    0x5b, 0x20, 0x00, 0x00, 0xac, 0x32, 0x00, 0x00, 0x64, 0x20, 0x00, 0x00, 0x9f, 0x20, 0x00, 0x00,
    0xac, 0x32, 0x00, 0x00, 0x10, 0x21, 0x00, 0x00, 0x47, 0x21, 0x00, 0x00, 0xa0, 0x32, 0x00, 0x00,
    0x50, 0x21, 0x00, 0x00, 0x82, 0x21, 0x00, 0x00, 0xac, 0x32, 0x00, 0x00, 0x88, 0x21, 0x00, 0x00,
    0xad, 0x21, 0x00, 0x00, 0xac, 0x32, 0x00, 0x00, 0xb4, 0x21, 0x00, 0x00, 0x24, 0x22, 0x00, 0x00,
    0xa0, 0x32, 0x00, 0x00, 0x2c, 0x22, 0x00, 0x00, 0xdd, 0x22, 0x00, 0x00, 0x2c, 0x33, 0x00, 0x00,
    0x18, 0x23, 0x00, 0x00, 0x3f, 0x23, 0x00, 0x00, 0x8c, 0x32, 0x00, 0x00, 0x00, 0x00, 0x00, 0x00,
    0x00, 0x00, 0x00, 0x00, 0x00, 0x00, 0x00, 0x00, 0x00, 0x00, 0x00, 0x00, 0x00, 0x00, 0x00, 0x00,
    0x00, 0x00, 0x00, 0x00, 0x00, 0x00, 0x00, 0x00, 0x00, 0x00, 0x00, 0x00, 0x00, 0x00, 0x00, 0x00,
    0x00, 0x00, 0x00, 0x00, 0x00, 0x00, 0x00, 0x00, 0x00, 0x00, 0x00, 0x00, 0x00, 0x00, 0x00, 0x00,
    0x00, 0x00, 0x00, 0x00, 0x00, 0x00, 0x00, 0x00, 0x00, 0x00, 0x00, 0x00, 0x00, 0x00, 0x00, 0x00,
    0x00, 0x00, 0x00, 0x00, 0x00, 0x00, 0x00, 0x00, 0x00, 0x00, 0x00, 0x00, 0x00, 0x00, 0x00, 0x00,
    0x00, 0x00, 0x00, 0x00, 0x00, 0x00, 0x00, 0x00, 0x00, 0x00, 0x00, 0x00, 0x00, 0x00, 0x00, 0x00,
    0x00, 0x00, 0x00, 0x00, 0x00, 0x00, 0x00, 0x00, 0x00, 0x00, 0x00, 0x00, 0x00, 0x00, 0x00, 0x00,
    0x00, 0x00, 0x00, 0x00, 0x00, 0x00, 0x00, 0x00, 0x00, 0x00, 0x00, 0x00, 0x00, 0x00, 0x00, 0x00,
    0x00, 0x00, 0x00, 0x00, 0x00, 0x00, 0x00, 0x00, 0x00, 0x00, 0x00, 0x00, 0x00, 0x00, 0x00, 0x00,
    0x00, 0x00, 0x00, 0x00, 0x00, 0x00, 0x00, 0x00, 0x00, 0x00, 0x00, 0x00, 0x00, 0x00, 0x00, 0x00,
    0x00, 0x00, 0x00, 0x00, 0x00, 0x00, 0x00, 0x00, 0x48, 0x8b, 0x05, 0xf1, 0xe0, 0xff, 0xff, 0x49,
    0xb9, 0x32, 0xa2, 0xdf, 0x2d, 0x99, 0x2b, 0x00, 0x00, 0x48, 0x85, 0xc0, 0x74, 0x05, 0x49, 0x3b,
    0xc1, 0x75, 0x2f, 0x4c, 0x8d, 0x05, 0xd6, 0xe0, 0xff, 0xff, 0x48, 0xb8, 0x20, 0x03, 0x00, 0x00,
    0x80, 0xf7, 0xff, 0xff, 0x48, 0x8b, 0x00, 0x49, 0x33, 0xc0, 0x49, 0xb8, 0xff, 0xff, 0xff, 0xff,
    0xff, 0xff, 0x00, 0x00, 0x49, 0x23, 0xc0, 0x49, 0x0f, 0x44, 0xc1, 0x48, 0x89, 0x05, 0xae, 0xe0,
    0xff, 0xff, 0x48, 0xf7, 0xd0, 0x48, 0x89, 0x05, 0xac, 0xe0, 0xff, 0xff, 0xe9, 0xdf, 0xbc, 0xff,
    0xff, 0xcc, 0xcc, 0xcc, 0xb0, 0x60, 0x00, 0x00, 0x00, 0x00, 0x00, 0x00, 0x00, 0x00, 0x00, 0x00,
    0x20, 0x63, 0x00, 0x00, 0x10, 0x30, 0x00, 0x00, 0xa0, 0x60, 0x00, 0x00, 0x00, 0x00, 0x00, 0x00,
    0x00, 0x00, 0x00, 0x00, 0x4a, 0x63, 0x00, 0x00, 0x00, 0x30, 0x00, 0x00, 0x00, 0x00, 0x00, 0x00,
    0x00, 0x00, 0x00, 0x00, 0x00, 0x00, 0x00, 0x00, 0x00, 0x00, 0x00, 0x00, 0x00, 0x00, 0x00, 0x00,
    0x2e, 0x63, 0x00, 0x00, 0x00, 0x00, 0x00, 0x00, 0x00, 0x00, 0x00, 0x00, 0x00, 0x00, 0x00, 0x00,
    0xaa, 0x61, 0x00, 0x00, 0x00, 0x00, 0x00, 0x00, 0xc0, 0x61, 0x00, 0x00, 0x00, 0x00, 0x00, 0x00,
    0xd0, 0x61, 0x00, 0x00, 0x00, 0x00, 0x00, 0x00, 0xe4, 0x61, 0x00, 0x00, 0x00, 0x00, 0x00, 0x00,
    0x02, 0x62, 0x00, 0x00, 0x00, 0x00, 0x00, 0x00, 0x1a, 0x62, 0x00, 0x00, 0x00, 0x00, 0x00, 0x00,
    0x32, 0x62, 0x00, 0x00, 0x00, 0x00, 0x00, 0x00, 0x52, 0x62, 0x00, 0x00, 0x00, 0x00, 0x00, 0x00,
    0x96, 0x61, 0x00, 0x00, 0x00, 0x00, 0x00, 0x00, 0x7e, 0x62, 0x00, 0x00, 0x00, 0x00, 0x00, 0x00,
    0x96, 0x62, 0x00, 0x00, 0x00, 0x00, 0x00, 0x00, 0xa8, 0x62, 0x00, 0x00, 0x00, 0x00, 0x00, 0x00,
    0xba, 0x62, 0x00, 0x00, 0x00, 0x00, 0x00, 0x00, 0xd8, 0x62, 0x00, 0x00, 0x00, 0x00, 0x00, 0x00,
    0xf8, 0x62, 0x00, 0x00, 0x00, 0x00, 0x00, 0x00, 0x10, 0x63, 0x00, 0x00, 0x00, 0x00, 0x00, 0x00,
    0x6a, 0x62, 0x00, 0x00, 0x00, 0x00, 0x00, 0x00, 0x88, 0x61, 0x00, 0x00, 0x00, 0x00, 0x00, 0x00,
    0x52, 0x63, 0x00, 0x00, 0x00, 0x00, 0x00, 0x00, 0x6a, 0x63, 0x00, 0x00, 0x00, 0x00, 0x00, 0x00,
    0x7e, 0x63, 0x00, 0x00, 0x00, 0x00, 0x00, 0x00, 0x94, 0x63, 0x00, 0x00, 0x00, 0x00, 0x00, 0x00,
    0xa6, 0x63, 0x00, 0x00, 0x00, 0x00, 0x00, 0x00, 0xb8, 0x63, 0x00, 0x00, 0x00, 0x00, 0x00, 0x00,
    0xd2, 0x63, 0x00, 0x00, 0x00, 0x00, 0x00, 0x00, 0xec, 0x63, 0x00, 0x00, 0x00, 0x00, 0x00, 0x00,
    0x00, 0x00, 0x00, 0x00, 0x00, 0x00, 0x00, 0x00, 0x01, 0x03, 0x4b, 0x65, 0x53, 0x65, 0x74, 0x54,
    0x69, 0x6d, 0x65, 0x72, 0x00, 0x00, 0xe1, 0x02, 0x4b, 0x65, 0x52, 0x65, 0x6c, 0x65, 0x61, 0x73,
    0x65, 0x53, 0x70, 0x69, 0x6e, 0x4c, 0x6f, 0x63, 0x6b, 0x00, 0x6b, 0x02, 0x49, 0x6f, 0x66, 0x43,
    0x6f, 0x6d, 0x70, 0x6c, 0x65, 0x74, 0x65, 0x52, 0x65, 0x71, 0x75, 0x65, 0x73, 0x74, 0x00, 0x00,
    0x8b, 0x02, 0x4b, 0x65, 0x43, 0x61, 0x6e, 0x63, 0x65, 0x6c, 0x54, 0x69, 0x6d, 0x65, 0x72, 0x00,
    0xa9, 0x02, 0x4b, 0x65, 0x49, 0x6e, 0x69, 0x74, 0x69, 0x61, 0x6c, 0x69, 0x7a, 0x65, 0x4d, 0x75,
    0x74, 0x65, 0x78, 0x00, 0x7f, 0x02, 0x4b, 0x65, 0x41, 0x63, 0x71, 0x75, 0x69, 0x72, 0x65, 0x53,
    0x70, 0x69, 0x6e, 0x4c, 0x6f, 0x63, 0x6b, 0x41, 0x74, 0x44, 0x70, 0x63, 0x4c, 0x65, 0x76, 0x65,
    0x6c, 0x00, 0x15, 0x05, 0x52, 0x74, 0x6c, 0x49, 0x6e, 0x69, 0x74, 0x55, 0x6e, 0x69, 0x63, 0x6f,
    0x64, 0x65, 0x53, 0x74, 0x72, 0x69, 0x6e, 0x67, 0x00, 0x00, 0xbe, 0x01, 0x49, 0x6f, 0x44, 0x65,
    0x6c, 0x65, 0x74, 0x65, 0x53, 0x79, 0x6d, 0x62, 0x6f, 0x6c, 0x69, 0x63, 0x4c, 0x69, 0x6e, 0x6b,
    0x00, 0x00, 0xe3, 0x02, 0x4b, 0x65, 0x52, 0x65, 0x6c, 0x65, 0x61, 0x73, 0x65, 0x53, 0x70, 0x69,
    0x6e, 0x4c, 0x6f, 0x63, 0x6b, 0x46, 0x72, 0x6f, 0x6d, 0x44, 0x70, 0x63, 0x4c, 0x65, 0x76, 0x65,
    0x6c, 0x00, 0xb2, 0x01, 0x49, 0x6f, 0x43, 0x72, 0x65, 0x61, 0x74, 0x65, 0x53, 0x79, 0x6d, 0x62,
    0x6f, 0x6c, 0x69, 0x63, 0x4c, 0x69, 0x6e, 0x6b, 0x00, 0x00, 0xad, 0x02, 0x4b, 0x65, 0x49, 0x6e,
    0x69, 0x74, 0x69, 0x61, 0x6c, 0x69, 0x7a, 0x65, 0x54, 0x69, 0x6d, 0x65, 0x72, 0x00, 0x14, 0x03,
    0x4b, 0x65, 0x57, 0x61, 0x69, 0x74, 0x46, 0x6f, 0x72, 0x53, 0x69, 0x6e, 0x67, 0x6c, 0x65, 0x4f,
    0x62, 0x6a, 0x65, 0x63, 0x74, 0x00, 0xa4, 0x02, 0x4b, 0x65, 0x49, 0x6e, 0x69, 0x74, 0x69, 0x61,
    0x6c, 0x69, 0x7a, 0x65, 0x44, 0x70, 0x63, 0x00, 0xde, 0x02, 0x4b, 0x65, 0x52, 0x65, 0x6c, 0x65,
    0x61, 0x73, 0x65, 0x4d, 0x75, 0x74, 0x65, 0x78, 0x00, 0x00, 0x81, 0x02, 0x4b, 0x65, 0x41, 0x63,
    0x71, 0x75, 0x69, 0x72, 0x65, 0x53, 0x70, 0x69, 0x6e, 0x4c, 0x6f, 0x63, 0x6b, 0x52, 0x61, 0x69,
    0x73, 0x65, 0x54, 0x6f, 0x44, 0x70, 0x63, 0x00, 0x5d, 0x03, 0x4d, 0x6d, 0x4d, 0x61, 0x70, 0x4c,
    0x6f, 0x63, 0x6b, 0x65, 0x64, 0x50, 0x61, 0x67, 0x65, 0x73, 0x53, 0x70, 0x65, 0x63, 0x69, 0x66,
    0x79, 0x43, 0x61, 0x63, 0x68, 0x65, 0x00, 0x00, 0xb5, 0x00, 0x45, 0x78, 0x53, 0x65, 0x74, 0x54,
    0x69, 0x6d, 0x65, 0x72, 0x52, 0x65, 0x73, 0x6f, 0x6c, 0x75, 0x74, 0x69, 0x6f, 0x6e, 0x00, 0x00,
    0x8a, 0x02, 0x4b, 0x65, 0x42, 0x75, 0x67, 0x43, 0x68, 0x65, 0x63, 0x6b, 0x45, 0x78, 0x00, 0x00,
    0x6e, 0x74, 0x6f, 0x73, 0x6b, 0x72, 0x6e, 0x6c, 0x2e, 0x65, 0x78, 0x65, 0x00, 0x00, 0x46, 0x00,
    0x4b, 0x65, 0x51, 0x75, 0x65, 0x72, 0x79, 0x50, 0x65, 0x72, 0x66, 0x6f, 0x72, 0x6d, 0x61, 0x6e,
    0x63, 0x65, 0x43, 0x6f, 0x75, 0x6e, 0x74, 0x65, 0x72, 0x00, 0x48, 0x41, 0x4c, 0x2e, 0x64, 0x6c,
    0x6c, 0x00, 0x67, 0x00, 0x45, 0x78, 0x41, 0x6c, 0x6c, 0x6f, 0x63, 0x61, 0x74, 0x65, 0x50, 0x6f,
    0x6f, 0x6c, 0x57, 0x69, 0x74, 0x68, 0x54, 0x61, 0x67, 0x00, 0x7d, 0x00, 0x45, 0x78, 0x46, 0x72,
    0x65, 0x65, 0x50, 0x6f, 0x6f, 0x6c, 0x57, 0x69, 0x74, 0x68, 0x54, 0x61, 0x67, 0x00, 0x1f, 0x04,
    0x50, 0x6f, 0x53, 0x74, 0x61, 0x72, 0x74, 0x4e, 0x65, 0x78, 0x74, 0x50, 0x6f, 0x77, 0x65, 0x72,
    0x49, 0x72, 0x70, 0x00, 0xa8, 0x01, 0x49, 0x6f, 0x43, 0x72, 0x65, 0x61, 0x74, 0x65, 0x44, 0x65,
    0x76, 0x69, 0x63, 0x65, 0x00, 0x00, 0xbc, 0x01, 0x49, 0x6f, 0x44, 0x65, 0x6c, 0x65, 0x74, 0x65,
    0x44, 0x65, 0x76, 0x69, 0x63, 0x65, 0x00, 0x00, 0x1b, 0x02, 0x49, 0x6f, 0x52, 0x65, 0x6c, 0x65,
    0x61, 0x73, 0x65, 0x43, 0x61, 0x6e, 0x63, 0x65, 0x6c, 0x53, 0x70, 0x69, 0x6e, 0x4c, 0x6f, 0x63,
    0x6b, 0x00, 0x85, 0x01, 0x49, 0x6f, 0x41, 0x6c, 0x6c, 0x6f, 0x63, 0x61, 0x74, 0x65, 0x45, 0x72,
    0x72, 0x6f, 0x72, 0x4c, 0x6f, 0x67, 0x45, 0x6e, 0x74, 0x72, 0x79, 0x00, 0x65, 0x02, 0x49, 0x6f,
    0x57, 0x72, 0x69, 0x74, 0x65, 0x45, 0x72, 0x72, 0x6f, 0x72, 0x4c, 0x6f, 0x67, 0x45, 0x6e, 0x74,
    0x72, 0x79, 0x00, 0x00, 0x00, 0x00, 0x00, 0x00, 0x00, 0x00, 0x00, 0x00, 0x00, 0x00, 0x00, 0x00,
    0x00, 0x00, 0x00, 0x00, 0x00, 0x00, 0x00, 0x00, 0x00, 0x00, 0x00, 0x00, 0x00, 0x00, 0x00, 0x00,
    0x00, 0x00, 0x00, 0x00, 0x00, 0x00, 0x00, 0x00, 0x00, 0x00, 0x00, 0x00, 0x00, 0x00, 0x00, 0x00,
    0x00, 0x00, 0x00, 0x00, 0x00, 0x00, 0x00, 0x00, 0x00, 0x00, 0x00, 0x00, 0x00, 0x00, 0x00, 0x00,
    0x00, 0x00, 0x00, 0x00, 0x00, 0x00, 0x00, 0x00, 0x00, 0x00, 0x00, 0x00, 0x00, 0x00, 0x00, 0x00,
    0x00, 0x00, 0x00, 0x00, 0x00, 0x00, 0x00, 0x00, 0x00, 0x00, 0x00, 0x00, 0x00, 0x00, 0x00, 0x00,
    0x00, 0x00, 0x00, 0x00, 0x00, 0x00, 0x00, 0x00, 0x00, 0x00, 0x00, 0x00, 0x00, 0x00, 0x00, 0x00,
    0x00, 0x00, 0x00, 0x00, 0x00, 0x00, 0x00, 0x00, 0x00, 0x00, 0x00, 0x00, 0x00, 0x00, 0x00, 0x00,
    0x00, 0x00, 0x00, 0x00, 0x00, 0x00, 0x00, 0x00, 0x00, 0x00, 0x00, 0x00, 0x00, 0x00, 0x00, 0x00,
    0x00, 0x00, 0x00, 0x00, 0x00, 0x00, 0x00, 0x00, 0x00, 0x00, 0x00, 0x00, 0x00, 0x00, 0x00, 0x00,
    0x00, 0x00, 0x00, 0x00, 0x00, 0x00, 0x00, 0x00, 0x00, 0x00, 0x00, 0x00, 0x00, 0x00, 0x00, 0x00,
    0x00, 0x00, 0x00, 0x00, 0x00, 0x00, 0x00, 0x00, 0x00, 0x00, 0x00, 0x00, 0x00, 0x00, 0x00, 0x00,
    0x00, 0x00, 0x00, 0x00, 0x00, 0x00, 0x00, 0x00, 0x00, 0x00, 0x00, 0x00, 0x00, 0x00, 0x00, 0x00,
    0x00, 0x00, 0x00, 0x00, 0x00, 0x00, 0x00, 0x00, 0x00, 0x00, 0x00, 0x00, 0x00, 0x00, 0x00, 0x00,
    0x00, 0x00, 0x00, 0x00, 0x00, 0x00, 0x00, 0x00, 0x00, 0x00, 0x00, 0x00, 0x00, 0x00, 0x00, 0x00,
    0x00, 0x00, 0x00, 0x00, 0x00, 0x00, 0x00, 0x00, 0x00, 0x00, 0x00, 0x00, 0x00, 0x00, 0x00, 0x00,
    0x00, 0x00, 0x00, 0x00, 0x00, 0x00, 0x00, 0x00, 0x00, 0x00, 0x00, 0x00, 0x00, 0x00, 0x00, 0x00,
    0x00, 0x00, 0x00, 0x00, 0x00, 0x00, 0x00, 0x00, 0x00, 0x00, 0x00, 0x00, 0x00, 0x00, 0x00, 0x00,
    0x00, 0x00, 0x00, 0x00, 0x00, 0x00, 0x00, 0x00, 0x00, 0x00, 0x00, 0x00, 0x00, 0x00, 0x00, 0x00,
    0x00, 0x00, 0x00, 0x00, 0x00, 0x00, 0x00, 0x00, 0x00, 0x00, 0x00, 0x00, 0x00, 0x00, 0x00, 0x00,
    0x00, 0x00, 0x00, 0x00, 0x00, 0x00, 0x00, 0x00, 0x00, 0x00, 0x00, 0x00, 0x00, 0x00, 0x00, 0x00,
    0x00, 0x00, 0x00, 0x00, 0x00, 0x00, 0x00, 0x00, 0x00, 0x00, 0x00, 0x00, 0x00, 0x00, 0x00, 0x00,
    0x00, 0x00, 0x00, 0x00, 0x00, 0x00, 0x00, 0x00, 0x00, 0x00, 0x00, 0x00, 0x00, 0x00, 0x00, 0x00,
    0x00, 0x00, 0x00, 0x00, 0x00, 0x00, 0x00, 0x00, 0x00, 0x00, 0x00, 0x00, 0x00, 0x00, 0x00, 0x00,
    0x00, 0x00, 0x00, 0x00, 0x00, 0x00, 0x00, 0x00, 0x00, 0x00, 0x00, 0x00, 0x00, 0x00, 0x00, 0x00,
    0x00, 0x00, 0x00, 0x00, 0x00, 0x00, 0x00, 0x00, 0x00, 0x00, 0x00, 0x00, 0x00, 0x00, 0x00, 0x00,
    0x00, 0x00, 0x00, 0x00, 0x00, 0x00, 0x00, 0x00, 0x00, 0x00, 0x00, 0x00, 0x00, 0x00, 0x00, 0x00,
    0x00, 0x00, 0x00, 0x00, 0x00, 0x00, 0x00, 0x00, 0x00, 0x00, 0x00, 0x00, 0x00, 0x00, 0x00, 0x00,
    0x00, 0x00, 0x00, 0x00, 0x00, 0x00, 0x00, 0x00, 0x00, 0x00, 0x00, 0x00, 0x00, 0x00, 0x00, 0x00,
    0x00, 0x00, 0x00, 0x00, 0x00, 0x00, 0x00, 0x00, 0x00, 0x00, 0x00, 0x00, 0x00, 0x00, 0x00, 0x00,
    0x00, 0x00, 0x00, 0x00, 0x00, 0x00, 0x00, 0x00, 0x00, 0x00, 0x00, 0x00, 0x00, 0x00, 0x00, 0x00,
    0x00, 0x00, 0x00, 0x00, 0x00, 0x00, 0x00, 0x00, 0x00, 0x00, 0x00, 0x00, 0x00, 0x00, 0x00, 0x00,
    0x00, 0x00, 0x00, 0x00, 0x00, 0x00, 0x00, 0x00, 0x00, 0x00, 0x00, 0x00, 0x00, 0x00, 0x02, 0x00,
    0x0b, 0x00, 0x00, 0x00, 0x20, 0x00, 0x00, 0x80, 0x10, 0x00, 0x00, 0x00, 0x38, 0x00, 0x00, 0x80,
    0x00, 0x00, 0x00, 0x00, 0x00, 0x00, 0x00, 0x00, 0x00, 0x00, 0x00, 0x00, 0x00, 0x00, 0x01, 0x00,
    0x01, 0x00, 0x00, 0x00, 0x50, 0x00, 0x00, 0x80, 0x00, 0x00, 0x00, 0x00, 0x00, 0x00, 0x00, 0x00,
    0x00, 0x00, 0x00, 0x00, 0x00, 0x00, 0x01, 0x00, 0x01, 0x00, 0x00, 0x00, 0x68, 0x00, 0x00, 0x80,
    0x00, 0x00, 0x00, 0x00, 0x00, 0x00, 0x00, 0x00, 0x00, 0x00, 0x00, 0x00, 0x00, 0x00, 0x01, 0x00,
    0x09, 0x04, 0x00, 0x00, 0x80, 0x00, 0x00, 0x00, 0x00, 0x00, 0x00, 0x00, 0x00, 0x00, 0x00, 0x00,
    0x00, 0x00, 0x00, 0x00, 0x00, 0x00, 0x01, 0x00, 0x09, 0x04, 0x00, 0x00, 0x90, 0x00, 0x00, 0x00,
    0xf8, 0x73, 0x00, 0x00, 0x58, 0x00, 0x00, 0x00, 0x00, 0x00, 0x00, 0x00, 0x00, 0x00, 0x00, 0x00,
    0xa0, 0x70, 0x00, 0x00, 0x58, 0x03, 0x00, 0x00, 0x00, 0x00, 0x00, 0x00, 0x00, 0x00, 0x00, 0x00,
    0x58, 0x03, 0x34, 0x00, 0x00, 0x00, 0x56, 0x00, 0x53, 0x00, 0x5f, 0x00, 0x56, 0x00, 0x45, 0x00,
    0x52, 0x00, 0x53, 0x00, 0x49, 0x00, 0x4f, 0x00, 0x4e, 0x00, 0x5f, 0x00, 0x49, 0x00, 0x4e, 0x00,
    0x46, 0x00, 0x4f, 0x00, 0x00, 0x00, 0x00, 0x00, 0xbd, 0x04, 0xef, 0xfe, 0x00, 0x00, 0x01, 0x00,
    0x04, 0x00, 0x01, 0x00, 0x00, 0x00, 0x00, 0x00, 0x04, 0x00, 0x01, 0x00, 0x00, 0x00, 0x00, 0x00,
    0x3f, 0x00, 0x00, 0x00, 0x00, 0x00, 0x00, 0x00, 0x04, 0x00, 0x04, 0x00, 0x03, 0x00, 0x00, 0x00,
    0x00, 0x00, 0x00, 0x00, 0x00, 0x00, 0x00, 0x00, 0x00, 0x00, 0x00, 0x00, 0xb8, 0x02, 0x00, 0x00,
    0x01, 0x00, 0x53, 0x00, 0x74, 0x00, 0x72, 0x00, 0x69, 0x00, 0x6e, 0x00, 0x67, 0x00, 0x46, 0x00,
    0x69, 0x00, 0x6c, 0x00, 0x65, 0x00, 0x49, 0x00, 0x6e, 0x00, 0x66, 0x00, 0x6f, 0x00, 0x00, 0x00,
    0x94, 0x02, 0x00, 0x00, 0x01, 0x00, 0x30, 0x00, 0x34, 0x00, 0x30, 0x00, 0x39, 0x00, 0x30, 0x00,
    0x34, 0x00, 0x42, 0x00, 0x30, 0x00, 0x00, 0x00, 0x3c, 0x00, 0x0e, 0x00, 0x01, 0x00, 0x43, 0x00,
    0x6f, 0x00, 0x6d, 0x00, 0x70, 0x00, 0x61, 0x00, 0x6e, 0x00, 0x79, 0x00, 0x4e, 0x00, 0x61, 0x00,
    0x6d, 0x00, 0x65, 0x00, 0x00, 0x00, 0x00, 0x00, 0x54, 0x00, 0x68, 0x00, 0x65, 0x00, 0x73, 0x00,
    0x79, 0x00, 0x63, 0x00, 0x6f, 0x00, 0x6e, 0x00, 0x20, 0x00, 0x47, 0x00, 0x6d, 0x00, 0x62, 0x00,
    0x48, 0x00, 0x00, 0x00, 0x5e, 0x00, 0x1b, 0x00, 0x01, 0x00, 0x46, 0x00, 0x69, 0x00, 0x6c, 0x00,
    0x65, 0x00, 0x44, 0x00, 0x65, 0x00, 0x73, 0x00, 0x63, 0x00, 0x72, 0x00, 0x69, 0x00, 0x70, 0x00,
    0x74, 0x00, 0x69, 0x00, 0x6f, 0x00, 0x6e, 0x00, 0x00, 0x00, 0x00, 0x00, 0x54, 0x00, 0x68, 0x00,
    0x65, 0x00, 0x73, 0x00, 0x79, 0x00, 0x63, 0x00, 0x6f, 0x00, 0x6e, 0x00, 0x20, 0x00, 0x44, 0x00,
    0x70, 0x00, 0x63, 0x00, 0x4c, 0x00, 0x61, 0x00, 0x74, 0x00, 0x65, 0x00, 0x6e, 0x00, 0x63, 0x00,
    0x79, 0x00, 0x20, 0x00, 0x44, 0x00, 0x72, 0x00, 0x69, 0x00, 0x76, 0x00, 0x65, 0x00, 0x72, 0x00,
    0x00, 0x00, 0x00, 0x00, 0x30, 0x00, 0x08, 0x00, 0x01, 0x00, 0x46, 0x00, 0x69, 0x00, 0x6c, 0x00,
    0x65, 0x00, 0x56, 0x00, 0x65, 0x00, 0x72, 0x00, 0x73, 0x00, 0x69, 0x00, 0x6f, 0x00, 0x6e, 0x00,
    0x00, 0x00, 0x00, 0x00, 0x31, 0x00, 0x2e, 0x00, 0x34, 0x00, 0x2e, 0x00, 0x30, 0x00, 0x2e, 0x00,
    0x30, 0x00, 0x00, 0x00, 0x36, 0x00, 0x0b, 0x00, 0x01, 0x00, 0x49, 0x00, 0x6e, 0x00, 0x74, 0x00,
    0x65, 0x00, 0x72, 0x00, 0x6e, 0x00, 0x61, 0x00, 0x6c, 0x00, 0x4e, 0x00, 0x61, 0x00, 0x6d, 0x00,
    0x65, 0x00, 0x00, 0x00, 0x64, 0x00, 0x70, 0x00, 0x63, 0x00, 0x6c, 0x00, 0x61, 0x00, 0x74, 0x00,
    0x5f, 0x00, 0x78, 0x00, 0x36, 0x00, 0x34, 0x00, 0x00, 0x00, 0x00, 0x00, 0x58, 0x00, 0x1a, 0x00,
    0x01, 0x00, 0x4c, 0x00, 0x65, 0x00, 0x67, 0x00, 0x61, 0x00, 0x6c, 0x00, 0x43, 0x00, 0x6f, 0x00,
    0x70, 0x00, 0x79, 0x00, 0x72, 0x00, 0x69, 0x00, 0x67, 0x00, 0x68, 0x00, 0x74, 0x00, 0x00, 0x00,
    0xa9, 0x00, 0x20, 0x00, 0x32, 0x00, 0x30, 0x00, 0x30, 0x00, 0x36, 0x00, 0x2d, 0x00, 0x32, 0x00,
    0x30, 0x00, 0x31, 0x00, 0x35, 0x00, 0x20, 0x00, 0x54, 0x00, 0x68, 0x00, 0x65, 0x00, 0x73, 0x00,
    0x79, 0x00, 0x63, 0x00, 0x6f, 0x00, 0x6e, 0x00, 0x20, 0x00, 0x47, 0x00, 0x6d, 0x00, 0x62, 0x00,
    0x48, 0x00, 0x00, 0x00, 0x46, 0x00, 0x0f, 0x00, 0x01, 0x00, 0x4f, 0x00, 0x72, 0x00, 0x69, 0x00,
    0x67, 0x00, 0x69, 0x00, 0x6e, 0x00, 0x61, 0x00, 0x6c, 0x00, 0x46, 0x00, 0x69, 0x00, 0x6c, 0x00,
    0x65, 0x00, 0x6e, 0x00, 0x61, 0x00, 0x6d, 0x00, 0x65, 0x00, 0x00, 0x00, 0x64, 0x00, 0x70, 0x00,
    0x63, 0x00, 0x6c, 0x00, 0x61, 0x00, 0x74, 0x00, 0x5f, 0x00, 0x78, 0x00, 0x36, 0x00, 0x34, 0x00,
    0x2e, 0x00, 0x73, 0x00, 0x79, 0x00, 0x73, 0x00, 0x00, 0x00, 0x00, 0x00, 0x48, 0x00, 0x14, 0x00,
    0x01, 0x00, 0x50, 0x00, 0x72, 0x00, 0x6f, 0x00, 0x64, 0x00, 0x75, 0x00, 0x63, 0x00, 0x74, 0x00,
    0x4e, 0x00, 0x61, 0x00, 0x6d, 0x00, 0x65, 0x00, 0x00, 0x00, 0x00, 0x00, 0x44, 0x00, 0x50, 0x00,
    0x43, 0x00, 0x20, 0x00, 0x4c, 0x00, 0x61, 0x00, 0x74, 0x00, 0x65, 0x00, 0x6e, 0x00, 0x63, 0x00,
    0x79, 0x00, 0x20, 0x00, 0x43, 0x00, 0x68, 0x00, 0x65, 0x00, 0x63, 0x00, 0x6b, 0x00, 0x65, 0x00,
    0x72, 0x00, 0x00, 0x00, 0x34, 0x00, 0x08, 0x00, 0x01, 0x00, 0x50, 0x00, 0x72, 0x00, 0x6f, 0x00,
    0x64, 0x00, 0x75, 0x00, 0x63, 0x00, 0x74, 0x00, 0x56, 0x00, 0x65, 0x00, 0x72, 0x00, 0x73, 0x00,
    0x69, 0x00, 0x6f, 0x00, 0x6e, 0x00, 0x00, 0x00, 0x31, 0x00, 0x2e, 0x00, 0x34, 0x00, 0x2e, 0x00,
    0x30, 0x00, 0x2e, 0x00, 0x30, 0x00, 0x00, 0x00, 0x2c, 0x00, 0x08, 0x00, 0x01, 0x00, 0x42, 0x00,
    0x75, 0x00, 0x69, 0x00, 0x6c, 0x00, 0x64, 0x00, 0x54, 0x00, 0x79, 0x00, 0x70, 0x00, 0x65, 0x00,
    0x00, 0x00, 0x00, 0x00, 0x72, 0x00, 0x65, 0x00, 0x6c, 0x00, 0x65, 0x00, 0x61, 0x00, 0x73, 0x00,
    0x65, 0x00, 0x00, 0x00, 0x30, 0x00, 0x0c, 0x00, 0x01, 0x00, 0x50, 0x00, 0x6c, 0x00, 0x61, 0x00,
    0x74, 0x00, 0x66, 0x00, 0x6f, 0x00, 0x72, 0x00, 0x6d, 0x00, 0x00, 0x00, 0x57, 0x00, 0x69, 0x00,
    0x6e, 0x00, 0x64, 0x00, 0x6f, 0x00, 0x77, 0x00, 0x73, 0x00, 0x20, 0x00, 0x78, 0x00, 0x36, 0x00,
    0x34, 0x00, 0x00, 0x00, 0x44, 0x00, 0x00, 0x00, 0x01, 0x00, 0x56, 0x00, 0x61, 0x00, 0x72, 0x00,
    0x46, 0x00, 0x69, 0x00, 0x6c, 0x00, 0x65, 0x00, 0x49, 0x00, 0x6e, 0x00, 0x66, 0x00, 0x6f, 0x00,
    0x00, 0x00, 0x00, 0x00, 0x24, 0x00, 0x04, 0x00, 0x00, 0x00, 0x54, 0x00, 0x72, 0x00, 0x61, 0x00,
    0x6e, 0x00, 0x73, 0x00, 0x6c, 0x00, 0x61, 0x00, 0x74, 0x00, 0x69, 0x00, 0x6f, 0x00, 0x6e, 0x00,
    0x00, 0x00, 0x00, 0x00, 0x09, 0x04, 0xb0, 0x04, 0x03, 0x00, 0x00, 0x00, 0x01, 0x00, 0x07, 0x60,
    0x01, 0x00, 0x07, 0x60, 0x28, 0x00, 0x00, 0x00, 0x02, 0x00, 0x07, 0xa0, 0x02, 0x00, 0x07, 0xa0,
    0x38, 0x00, 0x00, 0x00, 0x03, 0x00, 0x07, 0xe0, 0x03, 0x00, 0x07, 0xe0, 0x48, 0x00, 0x00, 0x00,
    0x10, 0x00, 0x01, 0x00, 0x25, 0x00, 0x32, 0x00, 0x0d, 0x00, 0x0a, 0x00, 0x00, 0x00, 0x00, 0x00,
    0x10, 0x00, 0x01, 0x00, 0x25, 0x00, 0x32, 0x00, 0x0d, 0x00, 0x0a, 0x00, 0x00, 0x00, 0x00, 0x00,
    0x10, 0x00, 0x01, 0x00, 0x25, 0x00, 0x32, 0x00, 0x0d, 0x00, 0x0a, 0x00, 0x00, 0x00, 0x00, 0x00,
    0x00, 0x00, 0x00, 0x00, 0x00, 0x00, 0x00, 0x00, 0x00, 0x00, 0x00, 0x00, 0x00, 0x00, 0x00, 0x00,
    0x00, 0x00, 0x00, 0x00, 0x00, 0x00, 0x00, 0x00, 0x00, 0x00, 0x00, 0x00, 0x00, 0x00, 0x00, 0x00,
    0x00, 0x00, 0x00, 0x00, 0x00, 0x00, 0x00, 0x00, 0x00, 0x00, 0x00, 0x00, 0x00, 0x00, 0x00, 0x00,
    0x00, 0x00, 0x00, 0x00, 0x00, 0x00, 0x00, 0x00, 0x00, 0x00, 0x00, 0x00, 0x00, 0x00, 0x00, 0x00,
    0x00, 0x00, 0x00, 0x00, 0x00, 0x00, 0x00, 0x00, 0x00, 0x00, 0x00, 0x00, 0x00, 0x00, 0x00, 0x00,
    0x00, 0x00, 0x00, 0x00, 0x00, 0x00, 0x00, 0x00, 0x00, 0x00, 0x00, 0x00, 0x00, 0x00, 0x00, 0x00,
    0x00, 0x00, 0x00, 0x00, 0x00, 0x00, 0x00, 0x00, 0x00, 0x00, 0x00, 0x00, 0x00, 0x00, 0x00, 0x00,
    0x00, 0x00, 0x00, 0x00, 0x00, 0x00, 0x00, 0x00, 0x00, 0x00, 0x00, 0x00, 0x00, 0x00, 0x00, 0x00,
    0x00, 0x00, 0x00, 0x00, 0x00, 0x00, 0x00, 0x00, 0x00, 0x00, 0x00, 0x00, 0x00, 0x00, 0x00, 0x00,
    0x00, 0x00, 0x00, 0x00, 0x00, 0x00, 0x00, 0x00, 0x00, 0x00, 0x00, 0x00, 0x00, 0x00, 0x00, 0x00,
    0x00, 0x00, 0x00, 0x00, 0x00, 0x00, 0x00, 0x00, 0x00, 0x00, 0x00, 0x00, 0x00, 0x00, 0x00, 0x00,
    0x00, 0x00, 0x00, 0x00, 0x00, 0x00, 0x00, 0x00, 0x00, 0x00, 0x00, 0x00, 0x00, 0x00, 0x00, 0x00,
    0x00, 0x00, 0x00, 0x00, 0x00, 0x00, 0x00, 0x00, 0x00, 0x00, 0x00, 0x00, 0x00, 0x00, 0x00, 0x00,
    0x00, 0x00, 0x00, 0x00, 0x00, 0x00, 0x00, 0x00, 0x00, 0x00, 0x00, 0x00, 0x00, 0x00, 0x00, 0x00,
    0x00, 0x00, 0x00, 0x00, 0x00, 0x00, 0x00, 0x00, 0x00, 0x00, 0x00, 0x00, 0x00, 0x00, 0x00, 0x00,
    0x00, 0x00, 0x00, 0x00, 0x00, 0x00, 0x00, 0x00, 0x00, 0x00, 0x00, 0x00, 0x00, 0x00, 0x00, 0x00,
    0x00, 0x00, 0x00, 0x00, 0x00, 0x00, 0x00, 0x00, 0x00, 0x00, 0x00, 0x00, 0x00, 0x00, 0x00, 0x00,
    0x00, 0x00, 0x00, 0x00, 0x00, 0x00, 0x00, 0x00, 0x00, 0x00, 0x00, 0x00, 0x00, 0x00, 0x00, 0x00,
    0x00, 0x00, 0x00, 0x00, 0x00, 0x00, 0x00, 0x00, 0x00, 0x00, 0x00, 0x00, 0x00, 0x00, 0x00, 0x00,
    0x00, 0x00, 0x00, 0x00, 0x00, 0x00, 0x00, 0x00, 0x00, 0x00, 0x00, 0x00, 0x00, 0x00, 0x00, 0x00,
    0x00, 0x00, 0x00, 0x00, 0x00, 0x00, 0x00, 0x00, 0x00, 0x00, 0x00, 0x00, 0x00, 0x00, 0x00, 0x00,
    0x00, 0x00, 0x00, 0x00, 0x00, 0x00, 0x00, 0x00, 0x00, 0x00, 0x00, 0x00, 0x00, 0x00, 0x00, 0x00,
    0x00, 0x00, 0x00, 0x00, 0x00, 0x00, 0x00, 0x00, 0x00, 0x00, 0x00, 0x00, 0x00, 0x00, 0x00, 0x00,
    0x00, 0x00, 0x00, 0x00, 0x00, 0x00, 0x00, 0x00, 0x00, 0x00, 0x00, 0x00, 0x00, 0x00, 0x00, 0x00,
    0x00, 0x00, 0x00, 0x00, 0x00, 0x00, 0x00, 0x00, 0x00, 0x00, 0x00, 0x00, 0x00, 0x00, 0x00, 0x00,
    0x00, 0x00, 0x00, 0x00, 0x00, 0x00, 0x00, 0x00, 0x00, 0x00, 0x00, 0x00, 0x00, 0x00, 0x00, 0x00,
    0x00, 0x00, 0x00, 0x00, 0x00, 0x00, 0x00, 0x00, 0x00, 0x00, 0x00, 0x00, 0x00, 0x00, 0x00, 0x00,
    0x00, 0x30, 0x00, 0x00, 0x44, 0x00, 0x00, 0x00, 0x10, 0xa1, 0x18, 0xa1, 0x20, 0xa1, 0x28, 0xa1,
    0x30, 0xa1, 0x38, 0xa1, 0x40, 0xa1, 0x48, 0xa1, 0x50, 0xa1, 0x58, 0xa1, 0x60, 0xa1, 0x68, 0xa1,
    0x70, 0xa1, 0x78, 0xa1, 0x80, 0xa1, 0x88, 0xa1, 0x90, 0xa1, 0x98, 0xa1, 0xa0, 0xa1, 0xb0, 0xa1,
    0xb8, 0xa1, 0xc0, 0xa1, 0xc8, 0xa1, 0xd0, 0xa1, 0xd8, 0xa1, 0xe0, 0xa1, 0xe8, 0xa1, 0xf0, 0xa1,
    0xf8, 0xa1, 0x00, 0xa2, 0x00, 0x00, 0x00, 0x00, 0x00, 0x00, 0x00, 0x00, 0x00, 0x00, 0x00, 0x00,
    0x00, 0x00, 0x00, 0x00, 0x00, 0x00, 0x00, 0x00, 0x00, 0x00, 0x00, 0x00, 0x00, 0x00, 0x00, 0x00,
    0x00, 0x00, 0x00, 0x00, 0x00, 0x00, 0x00, 0x00, 0x00, 0x00, 0x00, 0x00, 0x00, 0x00, 0x00, 0x00,
    0x00, 0x00, 0x00, 0x00, 0x00, 0x00, 0x00, 0x00, 0x00, 0x00, 0x00, 0x00, 0x00, 0x00, 0x00, 0x00,
    0x00, 0x00, 0x00, 0x00, 0x00, 0x00, 0x00, 0x00, 0x00, 0x00, 0x00, 0x00, 0x00, 0x00, 0x00, 0x00,
    0x00, 0x00, 0x00, 0x00, 0x00, 0x00, 0x00, 0x00, 0x00, 0x00, 0x00, 0x00, 0x00, 0x00, 0x00, 0x00,
    0x00, 0x00, 0x00, 0x00, 0x00, 0x00, 0x00, 0x00, 0x00, 0x00, 0x00, 0x00, 0x00, 0x00, 0x00, 0x00,
    0x00, 0x00, 0x00, 0x00, 0x00, 0x00, 0x00, 0x00, 0x00, 0x00, 0x00, 0x00, 0x00, 0x00, 0x00, 0x00,
    0x00, 0x00, 0x00, 0x00, 0x00, 0x00, 0x00, 0x00, 0x00, 0x00, 0x00, 0x00, 0x00, 0x00, 0x00, 0x00,
    0x00, 0x00, 0x00, 0x00, 0x00, 0x00, 0x00, 0x00, 0x00, 0x00, 0x00, 0x00, 0x00, 0x00, 0x00, 0x00,
    0x00, 0x00, 0x00, 0x00, 0x00, 0x00, 0x00, 0x00, 0x00, 0x00, 0x00, 0x00, 0x00, 0x00, 0x00, 0x00,
    0x00, 0x00, 0x00, 0x00, 0x00, 0x00, 0x00, 0x00, 0x00, 0x00, 0x00, 0x00, 0x00, 0x00, 0x00, 0x00,
    0x00, 0x00, 0x00, 0x00, 0x00, 0x00, 0x00, 0x00, 0x00, 0x00, 0x00, 0x00, 0x00, 0x00, 0x00, 0x00,
    0x00, 0x00, 0x00, 0x00, 0x00, 0x00, 0x00, 0x00, 0x00, 0x00, 0x00, 0x00, 0x00, 0x00, 0x00, 0x00,
    0x00, 0x00, 0x00, 0x00, 0x00, 0x00, 0x00, 0x00, 0x00, 0x00, 0x00, 0x00, 0x00, 0x00, 0x00, 0x00,
    0x00, 0x00, 0x00, 0x00, 0x00, 0x00, 0x00, 0x00, 0x00, 0x00, 0x00, 0x00, 0x00, 0x00, 0x00, 0x00,
    0x00, 0x00, 0x00, 0x00, 0x00, 0x00, 0x00, 0x00, 0x00, 0x00, 0x00, 0x00, 0x00, 0x00, 0x00, 0x00,
    0x00, 0x00, 0x00, 0x00, 0x00, 0x00, 0x00, 0x00, 0x00, 0x00, 0x00, 0x00, 0x00, 0x00, 0x00, 0x00,
    0x00, 0x00, 0x00, 0x00, 0x00, 0x00, 0x00, 0x00, 0x00, 0x00, 0x00, 0x00, 0x00, 0x00, 0x00, 0x00,
    0x00, 0x00, 0x00, 0x00, 0x00, 0x00, 0x00, 0x00, 0x00, 0x00, 0x00, 0x00, 0x00, 0x00, 0x00, 0x00,
    0x00, 0x00, 0x00, 0x00, 0x00, 0x00, 0x00, 0x00, 0x00, 0x00, 0x00, 0x00, 0x00, 0x00, 0x00, 0x00,
    0x00, 0x00, 0x00, 0x00, 0x00, 0x00, 0x00, 0x00, 0x00, 0x00, 0x00, 0x00, 0x00, 0x00, 0x00, 0x00,
    0x00, 0x00, 0x00, 0x00, 0x00, 0x00, 0x00, 0x00, 0x00, 0x00, 0x00, 0x00, 0x00, 0x00, 0x00, 0x00,
    0x00, 0x00, 0x00, 0x00, 0x00, 0x00, 0x00, 0x00, 0x00, 0x00, 0x00, 0x00, 0x00, 0x00, 0x00, 0x00,
    0x00, 0x00, 0x00, 0x00, 0x00, 0x00, 0x00, 0x00, 0x00, 0x00, 0x00, 0x00, 0x00, 0x00, 0x00, 0x00,
    0x00, 0x00, 0x00, 0x00, 0x00, 0x00, 0x00, 0x00, 0x00, 0x00, 0x00, 0x00, 0x00, 0x00, 0x00, 0x00,
    0x00, 0x00, 0x00, 0x00, 0x00, 0x00, 0x00, 0x00, 0x00, 0x00, 0x00, 0x00, 0x00, 0x00, 0x00, 0x00,
    0x00, 0x00, 0x00, 0x00, 0x00, 0x00, 0x00, 0x00, 0x00, 0x00, 0x00, 0x00, 0x00, 0x00, 0x00, 0x00,
    0xf0, 0x1e, 0x00, 0x00, 0x00, 0x02, 0x02, 0x00, 0x30, 0x82, 0x1e, 0xe4, 0x06, 0x09, 0x2a, 0x86,
    0x48, 0x86, 0xf7, 0x0d, 0x01, 0x07, 0x02, 0xa0, 0x82, 0x1e, 0xd5, 0x30, 0x82, 0x1e, 0xd1, 0x02,
    0x01, 0x01, 0x31, 0x0b, 0x30, 0x09, 0x06, 0x05, 0x2b, 0x0e, 0x03, 0x02, 0x1a, 0x05, 0x00, 0x30,
    0x68, 0x06, 0x0a, 0x2b, 0x06, 0x01, 0x04, 0x01, 0x82, 0x37, 0x02, 0x01, 0x04, 0xa0, 0x5a, 0x30,
    0x58, 0x30, 0x33, 0x06, 0x0a, 0x2b, 0x06, 0x01, 0x04, 0x01, 0x82, 0x37, 0x02, 0x01, 0x0f, 0x30,
    0x25, 0x03, 0x01, 0x00, 0xa0, 0x20, 0xa2, 0x1e, 0x80, 0x1c, 0x00, 0x3c, 0x00, 0x3c, 0x00, 0x3c,
    0x00, 0x4f, 0x00, 0x62, 0x00, 0x73, 0x00, 0x6f, 0x00, 0x6c, 0x00, 0x65, 0x00, 0x74, 0x00, 0x65,
    0x00, 0x3e, 0x00, 0x3e, 0x00, 0x3e, 0x30, 0x21, 0x30, 0x09, 0x06, 0x05, 0x2b, 0x0e, 0x03, 0x02,
    0x1a, 0x05, 0x00, 0x04, 0x14, 0x2e, 0x2a, 0xab, 0xc4, 0x40, 0x0f, 0x13, 0xef, 0xa9, 0xcf, 0x9a,
    0xb7, 0x74, 0xea, 0x5c, 0x34, 0x18, 0x98, 0xdf, 0x1f, 0xa0, 0x82, 0x19, 0xdd, 0x30, 0x82, 0x03,
    0xee, 0x30, 0x82, 0x03, 0x57, 0xa0, 0x03, 0x02, 0x01, 0x02, 0x02, 0x10, 0x7e, 0x93, 0xeb, 0xfb,
    0x7c, 0xc6, 0x4e, 0x59, 0xea, 0x4b, 0x9a, 0x77, 0xd4, 0x06, 0xfc, 0x3b, 0x30, 0x0d, 0x06, 0x09,
    0x2a, 0x86, 0x48, 0x86, 0xf7, 0x0d, 0x01, 0x01, 0x05, 0x05, 0x00, 0x30, 0x81, 0x8b, 0x31, 0x0b,
    0x30, 0x09, 0x06, 0x03, 0x55, 0x04, 0x06, 0x13, 0x02, 0x5a, 0x41, 0x31, 0x15, 0x30, 0x13, 0x06,
    0x03, 0x55, 0x04, 0x08, 0x13, 0x0c, 0x57, 0x65, 0x73, 0x74, 0x65, 0x72, 0x6e, 0x20, 0x43, 0x61,
    0x70, 0x65, 0x31, 0x14, 0x30, 0x12, 0x06, 0x03, 0x55, 0x04, 0x07, 0x13, 0x0b, 0x44, 0x75, 0x72,
    0x62, 0x61, 0x6e, 0x76, 0x69, 0x6c, 0x6c, 0x65, 0x31, 0x0f, 0x30, 0x0d, 0x06, 0x03, 0x55, 0x04,
    0x0a, 0x13, 0x06, 0x54, 0x68, 0x61, 0x77, 0x74, 0x65, 0x31, 0x1d, 0x30, 0x1b, 0x06, 0x03, 0x55,
    0x04, 0x0b, 0x13, 0x14, 0x54, 0x68, 0x61, 0x77, 0x74, 0x65, 0x20, 0x43, 0x65, 0x72, 0x74, 0x69,
    0x66, 0x69, 0x63, 0x61, 0x74, 0x69, 0x6f, 0x6e, 0x31, 0x1f, 0x30, 0x1d, 0x06, 0x03, 0x55, 0x04,
    0x03, 0x13, 0x16, 0x54, 0x68, 0x61, 0x77, 0x74, 0x65, 0x20, 0x54, 0x69, 0x6d, 0x65, 0x73, 0x74,
    0x61, 0x6d, 0x70, 0x69, 0x6e, 0x67, 0x20, 0x43, 0x41, 0x30, 0x1e, 0x17, 0x0d, 0x31, 0x32, 0x31,
    0x32, 0x32, 0x31, 0x30, 0x30, 0x30, 0x30, 0x30, 0x30, 0x5a, 0x17, 0x0d, 0x32, 0x30, 0x31, 0x32,
    0x33, 0x30, 0x32, 0x33, 0x35, 0x39, 0x35, 0x39, 0x5a, 0x30, 0x5e, 0x31, 0x0b, 0x30, 0x09, 0x06,
    0x03, 0x55, 0x04, 0x06, 0x13, 0x02, 0x55, 0x53, 0x31, 0x1d, 0x30, 0x1b, 0x06, 0x03, 0x55, 0x04,
    0x0a, 0x13, 0x14, 0x53, 0x79, 0x6d, 0x61, 0x6e, 0x74, 0x65, 0x63, 0x20, 0x43, 0x6f, 0x72, 0x70,
    0x6f, 0x72, 0x61, 0x74, 0x69, 0x6f, 0x6e, 0x31, 0x30, 0x30, 0x2e, 0x06, 0x03, 0x55, 0x04, 0x03,
    0x13, 0x27, 0x53, 0x79, 0x6d, 0x61, 0x6e, 0x74, 0x65, 0x63, 0x20, 0x54, 0x69, 0x6d, 0x65, 0x20,
    0x53, 0x74, 0x61, 0x6d, 0x70, 0x69, 0x6e, 0x67, 0x20, 0x53, 0x65, 0x72, 0x76, 0x69, 0x63, 0x65,
    0x73, 0x20, 0x43, 0x41, 0x20, 0x2d, 0x20, 0x47, 0x32, 0x30, 0x82, 0x01, 0x22, 0x30, 0x0d, 0x06,
    0x09, 0x2a, 0x86, 0x48, 0x86, 0xf7, 0x0d, 0x01, 0x01, 0x01, 0x05, 0x00, 0x03, 0x82, 0x01, 0x0f,
    0x00, 0x30, 0x82, 0x01, 0x0a, 0x02, 0x82, 0x01, 0x01, 0x00, 0xb1, 0xac, 0xb3, 0x49, 0x54, 0x4b,
    0x97, 0x1c, 0x12, 0x0a, 0xd8, 0x25, 0x79, 0x91, 0x22, 0x57, 0x2a, 0x6f, 0xdc, 0xb8, 0x26, 0xc4,
    0x43, 0x73, 0x6b, 0xc2, 0xbf, 0x2e, 0x50, 0x5a, 0xfb, 0x14, 0xc2, 0x76, 0x8e, 0x43, 0x01, 0x25,
    0x43, 0xb4, 0xa1, 0xe2, 0x45, 0xf4, 0xe8, 0xb7, 0x7b, 0xc3, 0x74, 0xcc, 0x22, 0xd7, 0xb4, 0x94,
    0x00, 0x02, 0xf7, 0x4d, 0xed, 0xbf, 0xb4, 0xb7, 0x44, 0x24, 0x6b, 0xcd, 0x5f, 0x45, 0x3b, 0xd1,
    0x44, 0xce, 0x43, 0x12, 0x73, 0x17, 0x82, 0x8b, 0x69, 0xb4, 0x2b, 0xcb, 0x99, 0x1e, 0xac, 0x72,
    0x1b, 0x26, 0x4d, 0x71, 0x1f, 0xb1, 0x31, 0xdd, 0xfb, 0x51, 0x61, 0x02, 0x53, 0xa6, 0xaa, 0xf5,
    0x49, 0x2c, 0x05, 0x78, 0x45, 0xa5, 0x2f, 0x89, 0xce, 0xe7, 0x99, 0xe7, 0xfe, 0x8c, 0xe2, 0x57,
    0x3f, 0x3d, 0xc6, 0x92, 0xdc, 0x4a, 0xf8, 0x7b, 0x33, 0xe4, 0x79, 0x0a, 0xfb, 0xf0, 0x75, 0x88,
    0x41, 0x9c, 0xff, 0xc5, 0x03, 0x51, 0x99, 0xaa, 0xd7, 0x6c, 0x9f, 0x93, 0x69, 0x87, 0x65, 0x29,
    0x83, 0x85, 0xc2, 0x60, 0x14, 0xc4, 0xc8, 0xc9, 0x3b, 0x14, 0xda, 0xc0, 0x81, 0xf0, 0x1f, 0x0d,
    0x74, 0xde, 0x92, 0x22, 0xab, 0xca, 0xf7, 0xfb, 0x74, 0x7c, 0x27, 0xe6, 0xf7, 0x4a, 0x1b, 0x7f,
    0xa7, 0xc3, 0x9e, 0x2d, 0xae, 0x8a, 0xea, 0xa6, 0xe6, 0xaa, 0x27, 0x16, 0x7d, 0x61, 0xf7, 0x98,
    0x71, 0x11, 0xbc, 0xe2, 0x50, 0xa1, 0x4b, 0xe5, 0x5d, 0xfa, 0xe5, 0x0e, 0xa7, 0x2c, 0x9f, 0xaa,
    0x65, 0x20, 0xd3, 0xd8, 0x96, 0xe8, 0xc8, 0x7c, 0xa5, 0x4e, 0x48, 0x44, 0xff, 0x19, 0xe2, 0x44,
    0x07, 0x92, 0x0b, 0xd7, 0x68, 0x84, 0x80, 0x5d, 0x6a, 0x78, 0x64, 0x45, 0xcd, 0x60, 0x46, 0x7e,
    0x54, 0xc1, 0x13, 0x7c, 0xc5, 0x79, 0xf1, 0xc9, 0xc1, 0x71, 0x02, 0x03, 0x01, 0x00, 0x01, 0xa3,
    0x81, 0xfa, 0x30, 0x81, 0xf7, 0x30, 0x1d, 0x06, 0x03, 0x55, 0x1d, 0x0e, 0x04, 0x16, 0x04, 0x14,
    0x5f, 0x9a, 0xf5, 0x6e, 0x5c, 0xcc, 0xcc, 0x74, 0x9a, 0xd4, 0xdd, 0x7d, 0xef, 0x3f, 0xdb, 0xec,
    0x4c, 0x80, 0x2e, 0xdd, 0x30, 0x32, 0x06, 0x08, 0x2b, 0x06, 0x01, 0x05, 0x05, 0x07, 0x01, 0x01,
    0x04, 0x26, 0x30, 0x24, 0x30, 0x22, 0x06, 0x08, 0x2b, 0x06, 0x01, 0x05, 0x05, 0x07, 0x30, 0x01,
    0x86, 0x16, 0x68, 0x74, 0x74, 0x70, 0x3a, 0x2f, 0x2f, 0x6f, 0x63, 0x73, 0x70, 0x2e, 0x74, 0x68,
    0x61, 0x77, 0x74, 0x65, 0x2e, 0x63, 0x6f, 0x6d, 0x30, 0x12, 0x06, 0x03, 0x55, 0x1d, 0x13, 0x01,
    0x01, 0xff, 0x04, 0x08, 0x30, 0x06, 0x01, 0x01, 0xff, 0x02, 0x01, 0x00, 0x30, 0x3f, 0x06, 0x03,
    0x55, 0x1d, 0x1f, 0x04, 0x38, 0x30, 0x36, 0x30, 0x34, 0xa0, 0x32, 0xa0, 0x30, 0x86, 0x2e, 0x68,
    0x74, 0x74, 0x70, 0x3a, 0x2f, 0x2f, 0x63, 0x72, 0x6c, 0x2e, 0x74, 0x68, 0x61, 0x77, 0x74, 0x65,
    0x2e, 0x63, 0x6f, 0x6d, 0x2f, 0x54, 0x68, 0x61, 0x77, 0x74, 0x65, 0x54, 0x69, 0x6d, 0x65, 0x73,
    0x74, 0x61, 0x6d, 0x70, 0x69, 0x6e, 0x67, 0x43, 0x41, 0x2e, 0x63, 0x72, 0x6c, 0x30, 0x13, 0x06,
    0x03, 0x55, 0x1d, 0x25, 0x04, 0x0c, 0x30, 0x0a, 0x06, 0x08, 0x2b, 0x06, 0x01, 0x05, 0x05, 0x07,
    0x03, 0x08, 0x30, 0x0e, 0x06, 0x03, 0x55, 0x1d, 0x0f, 0x01, 0x01, 0xff, 0x04, 0x04, 0x03, 0x02,
    0x01, 0x06, 0x30, 0x28, 0x06, 0x03, 0x55, 0x1d, 0x11, 0x04, 0x21, 0x30, 0x1f, 0xa4, 0x1d, 0x30,
    0x1b, 0x31, 0x19, 0x30, 0x17, 0x06, 0x03, 0x55, 0x04, 0x03, 0x13, 0x10, 0x54, 0x69, 0x6d, 0x65,
    0x53, 0x74, 0x61, 0x6d, 0x70, 0x2d, 0x32, 0x30, 0x34, 0x38, 0x2d, 0x31, 0x30, 0x0d, 0x06, 0x09,
    0x2a, 0x86, 0x48, 0x86, 0xf7, 0x0d, 0x01, 0x01, 0x05, 0x05, 0x00, 0x03, 0x81, 0x81, 0x00, 0x03,
    0x09, 0x9b, 0x8f, 0x79, 0xef, 0x7f, 0x59, 0x30, 0xaa, 0xef, 0x68, 0xb5, 0xfa, 0xe3, 0x09, 0x1d,
    0xbb, 0x4f, 0x82, 0x06, 0x5d, 0x37, 0x5f, 0xa6, 0x52, 0x9f, 0x16, 0x8d, 0xea, 0x1c, 0x92, 0x09,
    0x44, 0x6e, 0xf5, 0x6d, 0xeb, 0x58, 0x7c, 0x30, 0xe8, 0xf9, 0x69, 0x8d, 0x23, 0x73, 0x0b, 0x12,
    0x6f, 0x47, 0xa9, 0xae, 0x39, 0x11, 0xf8, 0x2a, 0xb1, 0x9b, 0xb0, 0x1a, 0xc3, 0x8e, 0xeb, 0x59,
    0x96, 0x00, 0xad, 0xce, 0x0c, 0x4d, 0xb2, 0xd0, 0x31, 0xa6, 0x08, 0x5c, 0x2a, 0x7a, 0xfc, 0xe2,
    0x7a, 0x1d, 0x57, 0x4c, 0xa8, 0x65, 0x18, 0xe9, 0x79, 0x40, 0x62, 0x25, 0x96, 0x6e, 0xc7, 0xc7,
    0x37, 0x6a, 0x83, 0x21, 0x08, 0x8e, 0x41, 0xea, 0xdd, 0xd9, 0x57, 0x3f, 0x1d, 0x77, 0x49, 0x87,
    0x2a, 0x16, 0x06, 0x5e, 0xa6, 0x38, 0x6a, 0x22, 0x12, 0xa3, 0x51, 0x19, 0x83, 0x7e, 0xb6, 0x30,
    0x82, 0x04, 0xa3, 0x30, 0x82, 0x03, 0x8b, 0xa0, 0x03, 0x02, 0x01, 0x02, 0x02, 0x10, 0x0e, 0xcf,
    0xf4, 0x38, 0xc8, 0xfe, 0xbf, 0x35, 0x6e, 0x04, 0xd8, 0x6a, 0x98, 0x1b, 0x1a, 0x50, 0x30, 0x0d,
    0x06, 0x09, 0x2a, 0x86, 0x48, 0x86, 0xf7, 0x0d, 0x01, 0x01, 0x05, 0x05, 0x00, 0x30, 0x5e, 0x31,
    0x0b, 0x30, 0x09, 0x06, 0x03, 0x55, 0x04, 0x06, 0x13, 0x02, 0x55, 0x53, 0x31, 0x1d, 0x30, 0x1b,
    0x06, 0x03, 0x55, 0x04, 0x0a, 0x13, 0x14, 0x53, 0x79, 0x6d, 0x61, 0x6e, 0x74, 0x65, 0x63, 0x20,
    0x43, 0x6f, 0x72, 0x70, 0x6f, 0x72, 0x61, 0x74, 0x69, 0x6f, 0x6e, 0x31, 0x30, 0x30, 0x2e, 0x06,
    0x03, 0x55, 0x04, 0x03, 0x13, 0x27, 0x53, 0x79, 0x6d, 0x61, 0x6e, 0x74, 0x65, 0x63, 0x20, 0x54,
    0x69, 0x6d, 0x65, 0x20, 0x53, 0x74, 0x61, 0x6d, 0x70, 0x69, 0x6e, 0x67, 0x20, 0x53, 0x65, 0x72,
    0x76, 0x69, 0x63, 0x65, 0x73, 0x20, 0x43, 0x41, 0x20, 0x2d, 0x20, 0x47, 0x32, 0x30, 0x1e, 0x17,
    0x0d, 0x31, 0x32, 0x31, 0x30, 0x31, 0x38, 0x30, 0x30, 0x30, 0x30, 0x30, 0x30, 0x5a, 0x17, 0x0d,
    0x32, 0x30, 0x31, 0x32, 0x32, 0x39, 0x32, 0x33, 0x35, 0x39, 0x35, 0x39, 0x5a, 0x30, 0x62, 0x31,
    0x0b, 0x30, 0x09, 0x06, 0x03, 0x55, 0x04, 0x06, 0x13, 0x02, 0x55, 0x53, 0x31, 0x1d, 0x30, 0x1b,
    0x06, 0x03, 0x55, 0x04, 0x0a, 0x13, 0x14, 0x53, 0x79, 0x6d, 0x61, 0x6e, 0x74, 0x65, 0x63, 0x20,
    0x43, 0x6f, 0x72, 0x70, 0x6f, 0x72, 0x61, 0x74, 0x69, 0x6f, 0x6e, 0x31, 0x34, 0x30, 0x32, 0x06,
    0x03, 0x55, 0x04, 0x03, 0x13, 0x2b, 0x53, 0x79, 0x6d, 0x61, 0x6e, 0x74, 0x65, 0x63, 0x20, 0x54,
    0x69, 0x6d, 0x65, 0x20, 0x53, 0x74, 0x61, 0x6d, 0x70, 0x69, 0x6e, 0x67, 0x20, 0x53, 0x65, 0x72,
    0x76, 0x69, 0x63, 0x65, 0x73, 0x20, 0x53, 0x69, 0x67, 0x6e, 0x65, 0x72, 0x20, 0x2d, 0x20, 0x47,
    0x34, 0x30, 0x82, 0x01, 0x22, 0x30, 0x0d, 0x06, 0x09, 0x2a, 0x86, 0x48, 0x86, 0xf7, 0x0d, 0x01,
    0x01, 0x01, 0x05, 0x00, 0x03, 0x82, 0x01, 0x0f, 0x00, 0x30, 0x82, 0x01, 0x0a, 0x02, 0x82, 0x01,
    0x01, 0x00, 0xa2, 0x63, 0x0b, 0x39, 0x44, 0xb8, 0xbb, 0x23, 0xa7, 0x44, 0x49, 0xbb, 0x0e, 0xff,
    0xa1, 0xf0, 0x61, 0x0a, 0x53, 0x93, 0xb0, 0x98, 0xdb, 0xad, 0x2c, 0x0f, 0x4a, 0xc5, 0x6e, 0xff,
    0x86, 0x3c, 0x53, 0x55, 0x0f, 0x15, 0xce, 0x04, 0x3f, 0x2b, 0xfd, 0xa9, 0x96, 0x96, 0xd9, 0xbe,
    0x61, 0x79, 0x0b, 0x5b, 0xc9, 0x4c, 0x86, 0x76, 0xe5, 0xe0, 0x43, 0x4b, 0x22, 0x95, 0xee, 0xc2,
    0x2b, 0x43, 0xc1, 0x9f, 0xd8, 0x68, 0xb4, 0x8e, 0x40, 0x4f, 0xee, 0x85, 0x38, 0xb9, 0x11, 0xc5,
    0x23, 0xf2, 0x64, 0x58, 0xf0, 0x15, 0x32, 0x6f, 0x4e, 0x57, 0xa1, 0xae, 0x88, 0xa4, 0x02, 0xd7,
    0x2a, 0x1e, 0xcd, 0x4b, 0xe1, 0xdd, 0x63, 0xd5, 0x17, 0x89, 0x32, 0x5b, 0xb0, 0x5e, 0x99, 0x5a,
    0xa8, 0x9d, 0x28, 0x50, 0x0e, 0x17, 0xee, 0x96, 0xdb, 0x61, 0x3b, 0x45, 0x51, 0x1d, 0xcf, 0x12,
    0x56, 0x0b, 0x92, 0x47, 0xfc, 0xab, 0xae, 0xf6, 0x66, 0x3d, 0x47, 0xac, 0x70, 0x72, 0xe7, 0x92,
    0xe7, 0x5f, 0xcd, 0x10, 0xb9, 0xc4, 0x83, 0x64, 0x94, 0x19, 0xbd, 0x25, 0x80, 0xe1, 0xe8, 0xd2,
    0x22, 0xa5, 0xd0, 0xba, 0x02, 0x7a, 0xa1, 0x77, 0x93, 0x5b, 0x65, 0xc3, 0xee, 0x17, 0x74, 0xbc,
    0x41, 0x86, 0x2a, 0xdc, 0x08, 0x4c, 0x8c, 0x92, 0x8c, 0x91, 0x2d, 0x9e, 0x77, 0x44, 0x1f, 0x68,
    0xd6, 0xa8, 0x74, 0x77, 0xdb, 0x0e, 0x5b, 0x32, 0x8b, 0x56, 0x8b, 0x33, 0xbd, 0xd9, 0x63, 0xc8,
    0x49, 0x9d, 0x3a, 0xc5, 0xc5, 0xea, 0x33, 0x0b, 0xd2, 0xf1, 0xa3, 0x1b, 0xf4, 0x8b, 0xbe, 0xd9,
    0xb3, 0x57, 0x8b, 0x3b, 0xde, 0x04, 0xa7, 0x7a, 0x22, 0xb2, 0x24, 0xae, 0x2e, 0xc7, 0x70, 0xc5,
    0xbe, 0x4e, 0x83, 0x26, 0x08, 0xfb, 0x0b, 0xbd, 0xa9, 0x4f, 0x99, 0x08, 0xe1, 0x10, 0x28, 0x72,
    0xaa, 0xcd, 0x02, 0x03, 0x01, 0x00, 0x01, 0xa3, 0x82, 0x01, 0x57, 0x30, 0x82, 0x01, 0x53, 0x30,
    0x0c, 0x06, 0x03, 0x55, 0x1d, 0x13, 0x01, 0x01, 0xff, 0x04, 0x02, 0x30, 0x00, 0x30, 0x16, 0x06,
    0x03, 0x55, 0x1d, 0x25, 0x01, 0x01, 0xff, 0x04, 0x0c, 0x30, 0x0a, 0x06, 0x08, 0x2b, 0x06, 0x01,
    0x05, 0x05, 0x07, 0x03, 0x08, 0x30, 0x0e, 0x06, 0x03, 0x55, 0x1d, 0x0f, 0x01, 0x01, 0xff, 0x04,
    0x04, 0x03, 0x02, 0x07, 0x80, 0x30, 0x73, 0x06, 0x08, 0x2b, 0x06, 0x01, 0x05, 0x05, 0x07, 0x01,
    0x01, 0x04, 0x67, 0x30, 0x65, 0x30, 0x2a, 0x06, 0x08, 0x2b, 0x06, 0x01, 0x05, 0x05, 0x07, 0x30,
    0x01, 0x86, 0x1e, 0x68, 0x74, 0x74, 0x70, 0x3a, 0x2f, 0x2f, 0x74, 0x73, 0x2d, 0x6f, 0x63, 0x73,
    0x70, 0x2e, 0x77, 0x73, 0x2e, 0x73, 0x79, 0x6d, 0x61, 0x6e, 0x74, 0x65, 0x63, 0x2e, 0x63, 0x6f,
    0x6d, 0x30, 0x37, 0x06, 0x08, 0x2b, 0x06, 0x01, 0x05, 0x05, 0x07, 0x30, 0x02, 0x86, 0x2b, 0x68,
    0x74, 0x74, 0x70, 0x3a, 0x2f, 0x2f, 0x74, 0x73, 0x2d, 0x61, 0x69, 0x61, 0x2e, 0x77, 0x73, 0x2e,
    0x73, 0x79, 0x6d, 0x61, 0x6e, 0x74, 0x65, 0x63, 0x2e, 0x63, 0x6f, 0x6d, 0x2f, 0x74, 0x73, 0x73,
    0x2d, 0x63, 0x61, 0x2d, 0x67, 0x32, 0x2e, 0x63, 0x65, 0x72, 0x30, 0x3c, 0x06, 0x03, 0x55, 0x1d,
    0x1f, 0x04, 0x35, 0x30, 0x33, 0x30, 0x31, 0xa0, 0x2f, 0xa0, 0x2d, 0x86, 0x2b, 0x68, 0x74, 0x74,
    0x70, 0x3a, 0x2f, 0x2f, 0x74, 0x73, 0x2d, 0x63, 0x72, 0x6c, 0x2e, 0x77, 0x73, 0x2e, 0x73, 0x79,
    0x6d, 0x61, 0x6e, 0x74, 0x65, 0x63, 0x2e, 0x63, 0x6f, 0x6d, 0x2f, 0x74, 0x73, 0x73, 0x2d, 0x63,
    0x61, 0x2d, 0x67, 0x32, 0x2e, 0x63, 0x72, 0x6c, 0x30, 0x28, 0x06, 0x03, 0x55, 0x1d, 0x11, 0x04,
    0x21, 0x30, 0x1f, 0xa4, 0x1d, 0x30, 0x1b, 0x31, 0x19, 0x30, 0x17, 0x06, 0x03, 0x55, 0x04, 0x03,
    0x13, 0x10, 0x54, 0x69, 0x6d, 0x65, 0x53, 0x74, 0x61, 0x6d, 0x70, 0x2d, 0x32, 0x30, 0x34, 0x38,
    0x2d, 0x32, 0x30, 0x1d, 0x06, 0x03, 0x55, 0x1d, 0x0e, 0x04, 0x16, 0x04, 0x14, 0x46, 0xc6, 0x69,
    0xa3, 0x0e, 0x4a, 0x14, 0x1e, 0xd5, 0x4c, 0xda, 0x52, 0x63, 0x17, 0x3f, 0x5e, 0x36, 0xbc, 0x0d,
    0xe6, 0x30, 0x1f, 0x06, 0x03, 0x55, 0x1d, 0x23, 0x04, 0x18, 0x30, 0x16, 0x80, 0x14, 0x5f, 0x9a,
    0xf5, 0x6e, 0x5c, 0xcc, 0xcc, 0x74, 0x9a, 0xd4, 0xdd, 0x7d, 0xef, 0x3f, 0xdb, 0xec, 0x4c, 0x80,
    0x2e, 0xdd, 0x30, 0x0d, 0x06, 0x09, 0x2a, 0x86, 0x48, 0x86, 0xf7, 0x0d, 0x01, 0x01, 0x05, 0x05,
    0x00, 0x03, 0x82, 0x01, 0x01, 0x00, 0x78, 0x3b, 0xb4, 0x91, 0x2a, 0x00, 0x4c, 0xf0, 0x8f, 0x62,
    0x30, 0x37, 0x78, 0xa3, 0x84, 0x27, 0x07, 0x6f, 0x18, 0xb2, 0xde, 0x25, 0xdc, 0xa0, 0xd4, 0x94,
    0x03, 0xaa, 0x86, 0x4e, 0x25, 0x9f, 0x9a, 0x40, 0x03, 0x1c, 0xdd, 0xce, 0xe3, 0x79, 0xcb, 0x21,
    0x68, 0x06, 0xda, 0xb6, 0x32, 0xb4, 0x6d, 0xbf, 0xf4, 0x2c, 0x26, 0x63, 0x33, 0xe4, 0x49, 0x64,
    0x6d, 0x0d, 0xe6, 0xc3, 0x67, 0x0e, 0xf7, 0x05, 0xa4, 0x35, 0x6c, 0x7c, 0x89, 0x16, 0xc6, 0xe9,
    0xb2, 0xdf, 0xb2, 0xe9, 0xdd, 0x20, 0xc6, 0x71, 0x0f, 0xcd, 0x95, 0x74, 0xdc, 0xb6, 0x5c, 0xde,
    0xbd, 0x37, 0x1f, 0x43, 0x78, 0xe6, 0x78, 0xb5, 0xcd, 0x28, 0x04, 0x20, 0xa3, 0xaa, 0xf1, 0x4b,
    0xc4, 0x88, 0x29, 0x91, 0x0e, 0x80, 0xd1, 0x11, 0xfc, 0xdd, 0x5c, 0x76, 0x6e, 0x4f, 0x5e, 0x0e,
    0x45, 0x46, 0x41, 0x6e, 0x0d, 0xb0, 0xea, 0x38, 0x9a, 0xb1, 0x3a, 0xda, 0x09, 0x71, 0x10, 0xfc,
    0x1c, 0x79, 0xb4, 0x80, 0x7b, 0xac, 0x69, 0xf4, 0xfd, 0x9c, 0xb6, 0x0c, 0x16, 0x2b, 0xf1, 0x7f,
    0x5b, 0x09, 0x3d, 0x9b, 0x5b, 0xe2, 0x16, 0xca, 0x13, 0x81, 0x6d, 0x00, 0x2e, 0x38, 0x0d, 0xa8,
    0x29, 0x8f, 0x2c, 0xe1, 0xb2, 0xf4, 0x5a, 0xa9, 0x01, 0xaf, 0x15, 0x9c, 0x2c, 0x2f, 0x49, 0x1b,
    0xdb, 0x22, 0xbb, 0xc3, 0xfe, 0x78, 0x94, 0x51, 0xc3, 0x86, 0xb1, 0x82, 0x88, 0x5d, 0xf0, 0x3d,
    0xb4, 0x51, 0xa1, 0x79, 0x33, 0x2b, 0x2e, 0x7b, 0xb9, 0xdc, 0x20, 0x09, 0x13, 0x71, 0xeb, 0x6a,
    0x19, 0x5b, 0xcf, 0xe8, 0xa5, 0x30, 0x57, 0x2c, 0x89, 0x49, 0x3f, 0xb9, 0xcf, 0x7f, 0xc9, 0xbf,
    0x3e, 0x22, 0x68, 0x63, 0x53, 0x9a, 0xbd, 0x69, 0x74, 0xac, 0xc5, 0x1d, 0x3c, 0x7f, 0x92, 0xe0,
    0xc3, 0xbc, 0x1c, 0xd8, 0x04, 0x75, 0x30, 0x82, 0x05, 0x94, 0x30, 0x82, 0x04, 0x7c, 0xa0, 0x03,
    0x02, 0x01, 0x02, 0x02, 0x10, 0x66, 0xf4, 0x1e, 0xaf, 0xc7, 0x73, 0xe8, 0xeb, 0xae, 0x13, 0x10,
    0x68, 0x83, 0x93, 0x34, 0x85, 0x30, 0x0d, 0x06, 0x09, 0x2a, 0x86, 0x48, 0x86, 0xf7, 0x0d, 0x01,
    0x01, 0x05, 0x05, 0x00, 0x30, 0x81, 0xb4, 0x31, 0x0b, 0x30, 0x09, 0x06, 0x03, 0x55, 0x04, 0x06,
    0x13, 0x02, 0x55, 0x53, 0x31, 0x17, 0x30, 0x15, 0x06, 0x03, 0x55, 0x04, 0x0a, 0x13, 0x0e, 0x56,
    0x65, 0x72, 0x69, 0x53, 0x69, 0x67, 0x6e, 0x2c, 0x20, 0x49, 0x6e, 0x63, 0x2e, 0x31, 0x1f, 0x30,
    0x1d, 0x06, 0x03, 0x55, 0x04, 0x0b, 0x13, 0x16, 0x56, 0x65, 0x72, 0x69, 0x53, 0x69, 0x67, 0x6e,
    0x20, 0x54, 0x72, 0x75, 0x73, 0x74, 0x20, 0x4e, 0x65, 0x74, 0x77, 0x6f, 0x72, 0x6b, 0x31, 0x3b,
    0x30, 0x39, 0x06, 0x03, 0x55, 0x04, 0x0b, 0x13, 0x32, 0x54, 0x65, 0x72, 0x6d, 0x73, 0x20, 0x6f,
    0x66, 0x20, 0x75, 0x73, 0x65, 0x20, 0x61, 0x74, 0x20, 0x68, 0x74, 0x74, 0x70, 0x73, 0x3a, 0x2f,
    0x2f, 0x77, 0x77, 0x77, 0x2e, 0x76, 0x65, 0x72, 0x69, 0x73, 0x69, 0x67, 0x6e, 0x2e, 0x63, 0x6f,
    0x6d, 0x2f, 0x72, 0x70, 0x61, 0x20, 0x28, 0x63, 0x29, 0x31, 0x30, 0x31, 0x2e, 0x30, 0x2c, 0x06,
    0x03, 0x55, 0x04, 0x03, 0x13, 0x25, 0x56, 0x65, 0x72, 0x69, 0x53, 0x69, 0x67, 0x6e, 0x20, 0x43,
    0x6c, 0x61, 0x73, 0x73, 0x20, 0x33, 0x20, 0x43, 0x6f, 0x64, 0x65, 0x20, 0x53, 0x69, 0x67, 0x6e,
    0x69, 0x6e, 0x67, 0x20, 0x32, 0x30, 0x31, 0x30, 0x20, 0x43, 0x41, 0x30, 0x1e, 0x17, 0x0d, 0x31,
    0x32, 0x31, 0x31, 0x31, 0x39, 0x30, 0x30, 0x30, 0x30, 0x30, 0x30, 0x5a, 0x17, 0x0d, 0x31, 0x35,
    0x31, 0x32, 0x31, 0x35, 0x32, 0x33, 0x35, 0x39, 0x35, 0x39, 0x5a, 0x30, 0x81, 0xd7, 0x31, 0x0b,
    0x30, 0x09, 0x06, 0x03, 0x55, 0x04, 0x06, 0x13, 0x02, 0x44, 0x45, 0x31, 0x12, 0x30, 0x10, 0x06,
    0x03, 0x55, 0x04, 0x08, 0x13, 0x09, 0x54, 0x68, 0x75, 0x72, 0x69, 0x6e, 0x67, 0x69, 0x61, 0x31,
    0x10, 0x30, 0x0e, 0x06, 0x03, 0x55, 0x04, 0x07, 0x13, 0x07, 0x49, 0x6c, 0x6d, 0x65, 0x6e, 0x61,
    0x75, 0x31, 0x30, 0x30, 0x2e, 0x06, 0x03, 0x55, 0x04, 0x0a, 0x14, 0x27, 0x54, 0x68, 0x65, 0x73,
    0x79, 0x63, 0x6f, 0x6e, 0x20, 0x53, 0x79, 0x73, 0x74, 0x65, 0x6d, 0x73, 0x6f, 0x66, 0x74, 0x77,
    0x61, 0x72, 0x65, 0x20, 0x43, 0x6f, 0x6e, 0x73, 0x75, 0x6c, 0x74, 0x69, 0x6e, 0x67, 0x20, 0x47,
    0x6d, 0x62, 0x48, 0x31, 0x3e, 0x30, 0x3c, 0x06, 0x03, 0x55, 0x04, 0x0b, 0x13, 0x35, 0x44, 0x69,
    0x67, 0x69, 0x74, 0x61, 0x6c, 0x20, 0x49, 0x44, 0x20, 0x43, 0x6c, 0x61, 0x73, 0x73, 0x20, 0x33,
    0x20, 0x2d, 0x20, 0x4d, 0x69, 0x63, 0x72, 0x6f, 0x73, 0x6f, 0x66, 0x74, 0x20, 0x53, 0x6f, 0x66,
    0x74, 0x77, 0x61, 0x72, 0x65, 0x20, 0x56, 0x61, 0x6c, 0x69, 0x64, 0x61, 0x74, 0x69, 0x6f, 0x6e,
    0x20, 0x76, 0x32, 0x31, 0x30, 0x30, 0x2e, 0x06, 0x03, 0x55, 0x04, 0x03, 0x14, 0x27, 0x54, 0x68,
    0x65, 0x73, 0x79, 0x63, 0x6f, 0x6e, 0x20, 0x53, 0x79, 0x73, 0x74, 0x65, 0x6d, 0x73, 0x6f, 0x66,
    0x74, 0x77, 0x61, 0x72, 0x65, 0x20, 0x43, 0x6f, 0x6e, 0x73, 0x75, 0x6c, 0x74, 0x69, 0x6e, 0x67,
    0x20, 0x47, 0x6d, 0x62, 0x48, 0x30, 0x82, 0x01, 0x22, 0x30, 0x0d, 0x06, 0x09, 0x2a, 0x86, 0x48,
    0x86, 0xf7, 0x0d, 0x01, 0x01, 0x01, 0x05, 0x00, 0x03, 0x82, 0x01, 0x0f, 0x00, 0x30, 0x82, 0x01,
    0x0a, 0x02, 0x82, 0x01, 0x01, 0x00, 0xd4, 0xbe, 0xe5, 0xd2, 0x25, 0x28, 0x46, 0xa3, 0x1c, 0x92,
    0x43, 0x61, 0xff, 0xaf, 0x87, 0x55, 0xce, 0x14, 0xce, 0x7f, 0x58, 0x6a, 0x1a, 0x6a, 0x5c, 0x35,
    0xa3, 0xd1, 0x19, 0x27, 0xdf, 0x6f, 0x8f, 0x79, 0x91, 0x32, 0x8b, 0x49, 0x1d, 0x23, 0x15, 0xd5,
    0x43, 0x0f, 0xe9, 0x65, 0x79, 0x1b, 0x01, 0x6a, 0x81, 0x79, 0x09, 0x0c, 0x1b, 0x4b, 0xea, 0x74,
    0xfc, 0xc0, 0xae, 0x28, 0x9a, 0x94, 0xa7, 0x04, 0xda, 0x72, 0x2b, 0x41, 0x4b, 0x79, 0xde, 0xc2,
    0x4f, 0x51, 0x3a, 0x3d, 0x8c, 0xca, 0x78, 0x86, 0xca, 0x54, 0xf7, 0x09, 0xd8, 0x53, 0x57, 0x12,
    0x82, 0x47, 0x94, 0x4d, 0xb0, 0x27, 0x36, 0x60, 0x8e, 0x95, 0xec, 0x20, 0x40, 0x5f, 0x5b, 0x35,
    0x33, 0xcb, 0x5d, 0xb5, 0x2c, 0x79, 0x87, 0xab, 0x78, 0x5b, 0x06, 0x4e, 0xd7, 0x62, 0xf1, 0xdb,
    0x45, 0xec, 0xb2, 0xe5, 0x1a, 0xd6, 0x55, 0x31, 0xf6, 0x42, 0x35, 0xd2, 0xaf, 0x38, 0xc5, 0xa6,
    0xef, 0x60, 0x61, 0xf1, 0x4e, 0xcf, 0x61, 0x44, 0xbc, 0xbe, 0x13, 0x56, 0x8e, 0x68, 0xc8, 0x61,
    0x69, 0xdf, 0xb0, 0xdf, 0xa3, 0x80, 0xd5, 0xd1, 0x31, 0x82, 0xe7, 0x41, 0xd9, 0x9a, 0xe2, 0x10,
    0xfa, 0xd5, 0x87, 0x6b, 0x83, 0xcf, 0xba, 0x21, 0xb5, 0x11, 0x08, 0xa2, 0x14, 0xe2, 0x8f, 0xc9,
    0x51, 0x35, 0x20, 0x36, 0x94, 0xf3, 0xf2, 0x0a, 0xab, 0x20, 0x99, 0x78, 0x57, 0xd0, 0x8e, 0xe5,
    0x78, 0x10, 0x83, 0xf3, 0x95, 0xd1, 0x5f, 0x29, 0x6f, 0xe6, 0xb6, 0x22, 0xaa, 0x0a, 0x43, 0xc5,
    0x39, 0xb9, 0x0f, 0x07, 0x59, 0x17, 0xaa, 0x91, 0xee, 0x7c, 0xbe, 0xdd, 0xf2, 0xfe, 0xfc, 0xc1,
    0xb2, 0xff, 0xaa, 0x5e, 0x41, 0x25, 0x1b, 0xb6, 0x01, 0x92, 0xfd, 0x6a, 0xb7, 0x1b, 0x14, 0x40,
    0x0e, 0xfc, 0x29, 0x03, 0x9d, 0xdb, 0x02, 0x03, 0x01, 0x00, 0x01, 0xa3, 0x82, 0x01, 0x7b, 0x30,
    0x82, 0x01, 0x77, 0x30, 0x09, 0x06, 0x03, 0x55, 0x1d, 0x13, 0x04, 0x02, 0x30, 0x00, 0x30, 0x0e,
    0x06, 0x03, 0x55, 0x1d, 0x0f, 0x01, 0x01, 0xff, 0x04, 0x04, 0x03, 0x02, 0x07, 0x80, 0x30, 0x40,
    0x06, 0x03, 0x55, 0x1d, 0x1f, 0x04, 0x39, 0x30, 0x37, 0x30, 0x35, 0xa0, 0x33, 0xa0, 0x31, 0x86,
    0x2f, 0x68, 0x74, 0x74, 0x70, 0x3a, 0x2f, 0x2f, 0x63, 0x73, 0x63, 0x33, 0x2d, 0x32, 0x30, 0x31,
    0x30, 0x2d, 0x63, 0x72, 0x6c, 0x2e, 0x76, 0x65, 0x72, 0x69, 0x73, 0x69, 0x67, 0x6e, 0x2e, 0x63,
    0x6f, 0x6d, 0x2f, 0x43, 0x53, 0x43, 0x33, 0x2d, 0x32, 0x30, 0x31, 0x30, 0x2e, 0x63, 0x72, 0x6c,
    0x30, 0x44, 0x06, 0x03, 0x55, 0x1d, 0x20, 0x04, 0x3d, 0x30, 0x3b, 0x30, 0x39, 0x06, 0x0b, 0x60,
    0x86, 0x48, 0x01, 0x86, 0xf8, 0x45, 0x01, 0x07, 0x17, 0x03, 0x30, 0x2a, 0x30, 0x28, 0x06, 0x08,
    0x2b, 0x06, 0x01, 0x05, 0x05, 0x07, 0x02, 0x01, 0x16, 0x1c, 0x68, 0x74, 0x74, 0x70, 0x73, 0x3a,
    0x2f, 0x2f, 0x77, 0x77, 0x77, 0x2e, 0x76, 0x65, 0x72, 0x69, 0x73, 0x69, 0x67, 0x6e, 0x2e, 0x63,
    0x6f, 0x6d, 0x2f, 0x72, 0x70, 0x61, 0x30, 0x13, 0x06, 0x03, 0x55, 0x1d, 0x25, 0x04, 0x0c, 0x30,
    0x0a, 0x06, 0x08, 0x2b, 0x06, 0x01, 0x05, 0x05, 0x07, 0x03, 0x03, 0x30, 0x71, 0x06, 0x08, 0x2b,
    0x06, 0x01, 0x05, 0x05, 0x07, 0x01, 0x01, 0x04, 0x65, 0x30, 0x63, 0x30, 0x24, 0x06, 0x08, 0x2b,
    0x06, 0x01, 0x05, 0x05, 0x07, 0x30, 0x01, 0x86, 0x18, 0x68, 0x74, 0x74, 0x70, 0x3a, 0x2f, 0x2f,
    0x6f, 0x63, 0x73, 0x70, 0x2e, 0x76, 0x65, 0x72, 0x69, 0x73, 0x69, 0x67, 0x6e, 0x2e, 0x63, 0x6f,
    0x6d, 0x30, 0x3b, 0x06, 0x08, 0x2b, 0x06, 0x01, 0x05, 0x05, 0x07, 0x30, 0x02, 0x86, 0x2f, 0x68,
    0x74, 0x74, 0x70, 0x3a, 0x2f, 0x2f, 0x63, 0x73, 0x63, 0x33, 0x2d, 0x32, 0x30, 0x31, 0x30, 0x2d,
    0x61, 0x69, 0x61, 0x2e, 0x76, 0x65, 0x72, 0x69, 0x73, 0x69, 0x67, 0x6e, 0x2e, 0x63, 0x6f, 0x6d,
    0x2f, 0x43, 0x53, 0x43, 0x33, 0x2d, 0x32, 0x30, 0x31, 0x30, 0x2e, 0x63, 0x65, 0x72, 0x30, 0x1f,
    0x06, 0x03, 0x55, 0x1d, 0x23, 0x04, 0x18, 0x30, 0x16, 0x80, 0x14, 0xcf, 0x99, 0xa9, 0xea, 0x7b,
    0x26, 0xf4, 0x4b, 0xc9, 0x8e, 0x8f, 0xd7, 0xf0, 0x05, 0x26, 0xef, 0xe3, 0xd2, 0xa7, 0x9d, 0x30,
    0x11, 0x06, 0x09, 0x60, 0x86, 0x48, 0x01, 0x86, 0xf8, 0x42, 0x01, 0x01, 0x04, 0x04, 0x03, 0x02,
    0x04, 0x10, 0x30, 0x16, 0x06, 0x0a, 0x2b, 0x06, 0x01, 0x04, 0x01, 0x82, 0x37, 0x02, 0x01, 0x1b,
    0x04, 0x08, 0x30, 0x06, 0x01, 0x01, 0x00, 0x01, 0x01, 0xff, 0x30, 0x0d, 0x06, 0x09, 0x2a, 0x86,
    0x48, 0x86, 0xf7, 0x0d, 0x01, 0x01, 0x05, 0x05, 0x00, 0x03, 0x82, 0x01, 0x01, 0x00, 0x23, 0xf2,
    0x70, 0x6e, 0x0b, 0x2b, 0xcf, 0xc7, 0x15, 0xce, 0xf2, 0xff, 0x10, 0x14, 0x63, 0x4a, 0x28, 0x9e,
    0xa3, 0xb5, 0x97, 0x9a, 0x09, 0xe7, 0x2b, 0x8f, 0xa4, 0x4c, 0x1a, 0xc5, 0x06, 0x0c, 0x69, 0x85,
    0x21, 0x7c, 0x8a, 0xf7, 0x6c, 0x0c, 0xb8, 0x05, 0xc9, 0xa3, 0x3f, 0xe8, 0xef, 0x1f, 0x4d, 0x05,
    0xed, 0x62, 0x81, 0x9f, 0x99, 0xbc, 0xf9, 0x25, 0x66, 0xab, 0x61, 0x45, 0x48, 0x44, 0x23, 0x4a,
    0x36, 0xba, 0xb1, 0xd2, 0x03, 0xfc, 0x7b, 0xf2, 0xd9, 0x02, 0xf6, 0x58, 0x2c, 0x30, 0x62, 0x7a,
    0x36, 0x9a, 0x0a, 0xff, 0x56, 0x6c, 0xad, 0xe2, 0x59, 0xc1, 0xbd, 0xb8, 0x8d, 0xb1, 0xe4, 0xb0,
    0xb1, 0xa4, 0xda, 0x9c, 0x90, 0x58, 0xb0, 0xc6, 0x0b, 0x66, 0x4f, 0xfc, 0xe2, 0x47, 0xe6, 0x4c,
    0x22, 0x2b, 0x8f, 0x85, 0xd1, 0xac, 0xbf, 0xe3, 0x2f, 0x67, 0x88, 0x57, 0x81, 0x49, 0xe3, 0x4d,
    0xd6, 0x99, 0xd8, 0xee, 0x81, 0x2c, 0x40, 0x53, 0xe8, 0xe1, 0x67, 0xaa, 0xf0, 0x87, 0x7f, 0x61,
    0xcc, 0x5a, 0x13, 0x84, 0x5b, 0x36, 0xab, 0x86, 0x5d, 0xe3, 0x6f, 0x2f, 0x61, 0x01, 0x04, 0xa1,
    0x68, 0xff, 0x63, 0x4d, 0xe0, 0x42, 0xf0, 0x65, 0x18, 0xab, 0x56, 0xd0, 0xe7, 0xd4, 0x37, 0xf4,
    0x0a, 0xf1, 0x53, 0x31, 0x23, 0x70, 0xeb, 0x3b, 0xc9, 0x1a, 0x11, 0xc3, 0x03, 0x27, 0xee, 0xc3,
    0xd2, 0x58, 0x7a, 0xc8, 0x4e, 0x17, 0x01, 0x9c, 0x07, 0x1d, 0x43, 0x29, 0x07, 0xe9, 0x67, 0xc7,
    0xdd, 0xe6, 0x34, 0xc1, 0x5d, 0x05, 0x2e, 0x69, 0x6f, 0x15, 0xab, 0x5c, 0x24, 0x7b, 0xe4, 0xb8,
    0x2b, 0xd8, 0x86, 0x46, 0xe5, 0x47, 0xb7, 0x02, 0x27, 0x86, 0xac, 0x5b, 0x3f, 0xfe, 0xbb, 0x80,
    0x61, 0x1b, 0x5e, 0xb2, 0x67, 0x5a, 0x2f, 0xd4, 0x95, 0xc8, 0xb9, 0x5d, 0x67, 0x7e, 0x30, 0x82,
    0x05, 0x9a, 0x30, 0x82, 0x03, 0x82, 0xa0, 0x03, 0x02, 0x01, 0x02, 0x02, 0x0a, 0x61, 0x19, 0x93,
    0xe4, 0x00, 0x00, 0x00, 0x00, 0x00, 0x1c, 0x30, 0x0d, 0x06, 0x09, 0x2a, 0x86, 0x48, 0x86, 0xf7,
    0x0d, 0x01, 0x01, 0x05, 0x05, 0x00, 0x30, 0x7f, 0x31, 0x0b, 0x30, 0x09, 0x06, 0x03, 0x55, 0x04,
    0x06, 0x13, 0x02, 0x55, 0x53, 0x31, 0x13, 0x30, 0x11, 0x06, 0x03, 0x55, 0x04, 0x08, 0x13, 0x0a,
    0x57, 0x61, 0x73, 0x68, 0x69, 0x6e, 0x67, 0x74, 0x6f, 0x6e, 0x31, 0x10, 0x30, 0x0e, 0x06, 0x03,
    0x55, 0x04, 0x07, 0x13, 0x07, 0x52, 0x65, 0x64, 0x6d, 0x6f, 0x6e, 0x64, 0x31, 0x1e, 0x30, 0x1c,
    0x06, 0x03, 0x55, 0x04, 0x0a, 0x13, 0x15, 0x4d, 0x69, 0x63, 0x72, 0x6f, 0x73, 0x6f, 0x66, 0x74,
    0x20, 0x43, 0x6f, 0x72, 0x70, 0x6f, 0x72, 0x61, 0x74, 0x69, 0x6f, 0x6e, 0x31, 0x29, 0x30, 0x27,
    0x06, 0x03, 0x55, 0x04, 0x03, 0x13, 0x20, 0x4d, 0x69, 0x63, 0x72, 0x6f, 0x73, 0x6f, 0x66, 0x74,
    0x20, 0x43, 0x6f, 0x64, 0x65, 0x20, 0x56, 0x65, 0x72, 0x69, 0x66, 0x69, 0x63, 0x61, 0x74, 0x69,
    0x6f, 0x6e, 0x20, 0x52, 0x6f, 0x6f, 0x74, 0x30, 0x1e, 0x17, 0x0d, 0x31, 0x31, 0x30, 0x32, 0x32,
    0x32, 0x31, 0x39, 0x32, 0x35, 0x31, 0x37, 0x5a, 0x17, 0x0d, 0x32, 0x31, 0x30, 0x32, 0x32, 0x32,
    0x31, 0x39, 0x33, 0x35, 0x31, 0x37, 0x5a, 0x30, 0x81, 0xca, 0x31, 0x0b, 0x30, 0x09, 0x06, 0x03,
    0x55, 0x04, 0x06, 0x13, 0x02, 0x55, 0x53, 0x31, 0x17, 0x30, 0x15, 0x06, 0x03, 0x55, 0x04, 0x0a,
    0x13, 0x0e, 0x56, 0x65, 0x72, 0x69, 0x53, 0x69, 0x67, 0x6e, 0x2c, 0x20, 0x49, 0x6e, 0x63, 0x2e,
    0x31, 0x1f, 0x30, 0x1d, 0x06, 0x03, 0x55, 0x04, 0x0b, 0x13, 0x16, 0x56, 0x65, 0x72, 0x69, 0x53,
    0x69, 0x67, 0x6e, 0x20, 0x54, 0x72, 0x75, 0x73, 0x74, 0x20, 0x4e, 0x65, 0x74, 0x77, 0x6f, 0x72,
    0x6b, 0x31, 0x3a, 0x30, 0x38, 0x06, 0x03, 0x55, 0x04, 0x0b, 0x13, 0x31, 0x28, 0x63, 0x29, 0x20,
    0x32, 0x30, 0x30, 0x36, 0x20, 0x56, 0x65, 0x72, 0x69, 0x53, 0x69, 0x67, 0x6e, 0x2c, 0x20, 0x49,
    0x6e, 0x63, 0x2e, 0x20, 0x2d, 0x20, 0x46, 0x6f, 0x72, 0x20, 0x61, 0x75, 0x74, 0x68, 0x6f, 0x72,
    0x69, 0x7a, 0x65, 0x64, 0x20, 0x75, 0x73, 0x65, 0x20, 0x6f, 0x6e, 0x6c, 0x79, 0x31, 0x45, 0x30,
    0x43, 0x06, 0x03, 0x55, 0x04, 0x03, 0x13, 0x3c, 0x56, 0x65, 0x72, 0x69, 0x53, 0x69, 0x67, 0x6e,
    0x20, 0x43, 0x6c, 0x61, 0x73, 0x73, 0x20, 0x33, 0x20, 0x50, 0x75, 0x62, 0x6c, 0x69, 0x63, 0x20,
    0x50, 0x72, 0x69, 0x6d, 0x61, 0x72, 0x79, 0x20, 0x43, 0x65, 0x72, 0x74, 0x69, 0x66, 0x69, 0x63,
    0x61, 0x74, 0x69, 0x6f, 0x6e, 0x20, 0x41, 0x75, 0x74, 0x68, 0x6f, 0x72, 0x69, 0x74, 0x79, 0x20,
    0x2d, 0x20, 0x47, 0x35, 0x30, 0x82, 0x01, 0x22, 0x30, 0x0d, 0x06, 0x09, 0x2a, 0x86, 0x48, 0x86,
    0xf7, 0x0d, 0x01, 0x01, 0x01, 0x05, 0x00, 0x03, 0x82, 0x01, 0x0f, 0x00, 0x30, 0x82, 0x01, 0x0a,
    0x02, 0x82, 0x01, 0x01, 0x00, 0xaf, 0x24, 0x08, 0x08, 0x29, 0x7a, 0x35, 0x9e, 0x60, 0x0c, 0xaa,
    0xe7, 0x4b, 0x3b, 0x4e, 0xdc, 0x7c, 0xbc, 0x3c, 0x45, 0x1c, 0xbb, 0x2b, 0xe0, 0xfe, 0x29, 0x02,
    0xf9, 0x57, 0x08, 0xa3, 0x64, 0x85, 0x15, 0x27, 0xf5, 0xf1, 0xad, 0xc8, 0x31, 0x89, 0x5d, 0x22,
    0xe8, 0x2a, 0xaa, 0xa6, 0x42, 0xb3, 0x8f, 0xf8, 0xb9, 0x55, 0xb7, 0xb1, 0xb7, 0x4b, 0xb3, 0xfe,
    0x8f, 0x7e, 0x07, 0x57, 0xec, 0xef, 0x43, 0xdb, 0x66, 0x62, 0x15, 0x61, 0xcf, 0x60, 0x0d, 0xa4,
    0xd8, 0xde, 0xf8, 0xe0, 0xc3, 0x62, 0x08, 0x3d, 0x54, 0x13, 0xeb, 0x49, 0xca, 0x59, 0x54, 0x85,
    0x26, 0xe5, 0x2b, 0x8f, 0x1b, 0x9f, 0xeb, 0xf5, 0xa1, 0x91, 0xc2, 0x33, 0x49, 0xd8, 0x43, 0x63,
    0x6a, 0x52, 0x4b, 0xd2, 0x8f, 0xe8, 0x70, 0x51, 0x4d, 0xd1, 0x89, 0x69, 0x7b, 0xc7, 0x70, 0xf6,
    0xb3, 0xdc, 0x12, 0x74, 0xdb, 0x7b, 0x5d, 0x4b, 0x56, 0xd3, 0x96, 0xbf, 0x15, 0x77, 0xa1, 0xb0,
    0xf4, 0xa2, 0x25, 0xf2, 0xaf, 0x1c, 0x92, 0x67, 0x18, 0xe5, 0xf4, 0x06, 0x04, 0xef, 0x90, 0xb9,
    0xe4, 0x00, 0xe4, 0xdd, 0x3a, 0xb5, 0x19, 0xff, 0x02, 0xba, 0xf4, 0x3c, 0xee, 0xe0, 0x8b, 0xeb,
    0x37, 0x8b, 0xec, 0xf4, 0xd7, 0xac, 0xf2, 0xf6, 0xf0, 0x3d, 0xaf, 0xdd, 0x75, 0x91, 0x33, 0x19,
    0x1d, 0x1c, 0x40, 0xcb, 0x74, 0x24, 0x19, 0x21, 0x93, 0xd9, 0x14, 0xfe, 0xac, 0x2a, 0x52, 0xc7,
    0x8f, 0xd5, 0x04, 0x49, 0xe4, 0x8d, 0x63, 0x47, 0x88, 0x3c, 0x69, 0x83, 0xcb, 0xfe, 0x47, 0xbd,
    0x2b, 0x7e, 0x4f, 0xc5, 0x95, 0xae, 0x0e, 0x9d, 0xd4, 0xd1, 0x43, 0xc0, 0x67, 0x73, 0xe3, 0x14,
    0x08, 0x7e, 0xe5, 0x3f, 0x9f, 0x73, 0xb8, 0x33, 0x0a, 0xcf, 0x5d, 0x3f, 0x34, 0x87, 0x96, 0x8a,
    0xee, 0x53, 0xe8, 0x25, 0x15, 0x02, 0x03, 0x01, 0x00, 0x01, 0xa3, 0x81, 0xcb, 0x30, 0x81, 0xc8,
    0x30, 0x11, 0x06, 0x03, 0x55, 0x1d, 0x20, 0x04, 0x0a, 0x30, 0x08, 0x30, 0x06, 0x06, 0x04, 0x55,
    0x1d, 0x20, 0x00, 0x30, 0x0f, 0x06, 0x03, 0x55, 0x1d, 0x13, 0x01, 0x01, 0xff, 0x04, 0x05, 0x30,
    0x03, 0x01, 0x01, 0xff, 0x30, 0x0b, 0x06, 0x03, 0x55, 0x1d, 0x0f, 0x04, 0x04, 0x03, 0x02, 0x01,
    0x86, 0x30, 0x1d, 0x06, 0x03, 0x55, 0x1d, 0x0e, 0x04, 0x16, 0x04, 0x14, 0x7f, 0xd3, 0x65, 0xa7,
    0xc2, 0xdd, 0xec, 0xbb, 0xf0, 0x30, 0x09, 0xf3, 0x43, 0x39, 0xfa, 0x02, 0xaf, 0x33, 0x31, 0x33,
    0x30, 0x1f, 0x06, 0x03, 0x55, 0x1d, 0x23, 0x04, 0x18, 0x30, 0x16, 0x80, 0x14, 0x62, 0xfb, 0x0a,
    0x21, 0x5b, 0x7f, 0x43, 0x6e, 0x11, 0xda, 0x09, 0x54, 0x50, 0x6b, 0xf5, 0xd2, 0x96, 0x71, 0xf1,
    0x9e, 0x30, 0x55, 0x06, 0x03, 0x55, 0x1d, 0x1f, 0x04, 0x4e, 0x30, 0x4c, 0x30, 0x4a, 0xa0, 0x48,
    0xa0, 0x46, 0x86, 0x44, 0x68, 0x74, 0x74, 0x70, 0x3a, 0x2f, 0x2f, 0x63, 0x72, 0x6c, 0x2e, 0x6d,
    0x69, 0x63, 0x72, 0x6f, 0x73, 0x6f, 0x66, 0x74, 0x2e, 0x63, 0x6f, 0x6d, 0x2f, 0x70, 0x6b, 0x69,
    0x2f, 0x63, 0x72, 0x6c, 0x2f, 0x70, 0x72, 0x6f, 0x64, 0x75, 0x63, 0x74, 0x73, 0x2f, 0x4d, 0x69,
    0x63, 0x72, 0x6f, 0x73, 0x6f, 0x66, 0x74, 0x43, 0x6f, 0x64, 0x65, 0x56, 0x65, 0x72, 0x69, 0x66,
    0x52, 0x6f, 0x6f, 0x74, 0x2e, 0x63, 0x72, 0x6c, 0x30, 0x0d, 0x06, 0x09, 0x2a, 0x86, 0x48, 0x86,
    0xf7, 0x0d, 0x01, 0x01, 0x05, 0x05, 0x00, 0x03, 0x82, 0x02, 0x01, 0x00, 0x81, 0x2a, 0x82, 0x16,
    0x8c, 0x34, 0x67, 0x2b, 0xe5, 0x03, 0xeb, 0x34, 0x7b, 0x8c, 0xa2, 0xa3, 0x50, 0x8a, 0xf4, 0x55,
    0x86, 0xf1, 0x1e, 0x8c, 0x8e, 0xae, 0x7d, 0xee, 0x03, 0x19, 0xce, 0x72, 0x95, 0x18, 0x48, 0xad,
    0x62, 0x11, 0xfd, 0x20, 0xfd, 0x3f, 0x47, 0x06, 0x01, 0x5a, 0xe2, 0xe0, 0x6f, 0x8c, 0x15, 0x2c,
    0x4e, 0x3c, 0x6a, 0x50, 0x6c, 0x0b, 0x36, 0xa3, 0xcf, 0x7a, 0x0d, 0x9c, 0x42, 0xbc, 0x5c, 0xf8,
    0x19, 0xd5, 0x60, 0xe3, 0x69, 0xe6, 0xe2, 0x23, 0x41, 0x67, 0x8c, 0x68, 0x83, 0x76, 0x2b, 0x8f,
    0x93, 0xa3, 0x2a, 0xb5, 0x7f, 0xbe, 0x59, 0xfb, 0xa9, 0xc9, 0xb2, 0x26, 0x8f, 0xca, 0xa2, 0xf3,
    0x82, 0x1b, 0x98, 0x3e, 0x91, 0x95, 0x27, 0x97, 0x86, 0x61, 0xee, 0x5b, 0x5d, 0x07, 0x6b, 0xcd,
    0x86, 0xa8, 0xe2, 0x65, 0x80, 0xa8, 0xe2, 0x15, 0xe2, 0xb2, 0xbe, 0x23, 0x05, 0x6a, 0xba, 0x0c,
    0xf3, 0x47, 0x93, 0x4d, 0xac, 0xa4, 0x8c, 0x07, 0x79, 0x39, 0xc0, 0x61, 0x12, 0x3a, 0x05, 0x0d,
    0x89, 0xa3, 0xec, 0x9f, 0x57, 0x89, 0x84, 0xfb, 0xec, 0xca, 0x7c, 0x47, 0x66, 0x14, 0x91, 0xd8,
    0xb6, 0x0f, 0x19, 0x5d, 0xe6, 0xb8, 0x4a, 0xac, 0xbc, 0x47, 0xc8, 0x71, 0x43, 0x96, 0xe6, 0x32,
    0x20, 0xa5, 0xdc, 0x77, 0x86, 0xfd, 0x3c, 0xe3, 0x8b, 0x71, 0xdb, 0x7b, 0x9b, 0x03, 0xfc, 0xb7,
    0x1d, 0x32, 0x64, 0xeb, 0x16, 0x52, 0xa0, 0x43, 0xa3, 0xfa, 0x2e, 0xad, 0x59, 0x92, 0x4e, 0x7c,
    0xc7, 0xf2, 0x33, 0x42, 0x48, 0x38, 0x51, 0x3a, 0x7c, 0x38, 0xc7, 0x1b, 0x24, 0x22, 0x28, 0x40,
    0x1e, 0x1a, 0x46, 0x1f, 0x17, 0xdb, 0x18, 0xf7, 0xf0, 0x27, 0x35, 0x6c, 0xb8, 0x63, 0xd9, 0xcd,
    0xb9, 0x64, 0x5d, 0x2b, 0xa5, 0x5e, 0xef, 0xc6, 0x29, 0xb4, 0xf2, 0xc7, 0xf8, 0x21, 0xcc, 0x04,
    0xba, 0x57, 0xfd, 0x01, 0xb6, 0xab, 0xc6, 0x67, 0xf9, 0xe7, 0xd3, 0x99, 0x7f, 0xf4, 0xf5, 0x22,
    0xfa, 0x72, 0xf5, 0xfd, 0xff, 0x3a, 0x1c, 0x42, 0x3a, 0xa1, 0xf9, 0x80, 0x18, 0xa5, 0xee, 0x8d,
    0x1c, 0xd4, 0x66, 0x9e, 0x45, 0x01, 0xfe, 0xaa, 0xee, 0xff, 0xfb, 0x17, 0x8f, 0x30, 0xf7, 0xf1,
    0xcd, 0x29, 0xc5, 0x9d, 0xec, 0xb5, 0xd5, 0x49, 0x00, 0x3d, 0x85, 0xb8, 0xcb, 0xbb, 0x93, 0x3a,
    0x27, 0x6a, 0x49, 0xc0, 0x30, 0xae, 0x66, 0xc9, 0xf7, 0x23, 0x28, 0x32, 0x76, 0xf9, 0xa4, 0x83,
    0x56, 0xc8, 0x48, 0xce, 0x5a, 0x96, 0xaa, 0xa0, 0xcc, 0x0c, 0xc4, 0x7f, 0xb4, 0x8e, 0x97, 0xaf,
    0x6d, 0xe3, 0x54, 0x27, 0xc3, 0x9f, 0x86, 0xc0, 0xd6, 0xe4, 0x73, 0x08, 0x97, 0x05, 0xdb, 0xd0,
    0x54, 0x62, 0x5e, 0x03, 0x48, 0xc2, 0xd5, 0x9f, 0x7f, 0xa7, 0x66, 0x8c, 0xd0, 0x9d, 0xb0, 0x4f,
    0xd4, 0xd3, 0x98, 0x5f, 0x4b, 0x7a, 0xc9, 0x7f, 0xb2, 0x29, 0x52, 0xd0, 0x12, 0x80, 0xc7, 0x0f,
    0x54, 0xb6, 0x1e, 0x67, 0xcd, 0xc6, 0xa0, 0x6c, 0x11, 0x03, 0x84, 0xd3, 0x48, 0x75, 0xe7, 0x2a,
    0xfe, 0xb0, 0x3b, 0x6e, 0x0a, 0x3a, 0xa6, 0x6b, 0x76, 0x99, 0x05, 0xa3, 0xf1, 0x77, 0x68, 0x61,
    0x33, 0x14, 0x47, 0x06, 0xfc, 0x53, 0x7f, 0x52, 0xbd, 0x92, 0x14, 0x5c, 0x4a, 0x24, 0x6a, 0x67,
    0x8c, 0xaf, 0x8d, 0x90, 0xaa, 0xd0, 0xf6, 0x79, 0x21, 0x1b, 0x93, 0x26, 0x7c, 0xc3, 0xce, 0x1e,
    0xbd, 0x88, 0x38, 0x92, 0xae, 0x45, 0xc6, 0x19, 0x6a, 0x49, 0x50, 0xb3, 0x05, 0xf8, 0xae, 0x59,
    0x37, 0x8a, 0x6a, 0x25, 0x03, 0x94, 0xb1, 0x59, 0x81, 0x50, 0xe8, 0xba, 0x83, 0x80, 0xb7, 0x23,
    0x35, 0xf4, 0x76, 0xb9, 0x67, 0x1d, 0x59, 0x18, 0xad, 0x20, 0x8d, 0x94, 0x30, 0x82, 0x06, 0x0a,
    0x30, 0x82, 0x04, 0xf2, 0xa0, 0x03, 0x02, 0x01, 0x02, 0x02, 0x10, 0x52, 0x00, 0xe5, 0xaa, 0x25,
    0x56, 0xfc, 0x1a, 0x86, 0xed, 0x96, 0xc9, 0xd4, 0x4b, 0x33, 0xc7, 0x30, 0x0d, 0x06, 0x09, 0x2a,
    0x86, 0x48, 0x86, 0xf7, 0x0d, 0x01, 0x01, 0x05, 0x05, 0x00, 0x30, 0x81, 0xca, 0x31, 0x0b, 0x30,
    0x09, 0x06, 0x03, 0x55, 0x04, 0x06, 0x13, 0x02, 0x55, 0x53, 0x31, 0x17, 0x30, 0x15, 0x06, 0x03,
    0x55, 0x04, 0x0a, 0x13, 0x0e, 0x56, 0x65, 0x72, 0x69, 0x53, 0x69, 0x67, 0x6e, 0x2c, 0x20, 0x49,
    0x6e, 0x63, 0x2e, 0x31, 0x1f, 0x30, 0x1d, 0x06, 0x03, 0x55, 0x04, 0x0b, 0x13, 0x16, 0x56, 0x65,
    0x72, 0x69, 0x53, 0x69, 0x67, 0x6e, 0x20, 0x54, 0x72, 0x75, 0x73, 0x74, 0x20, 0x4e, 0x65, 0x74,
    0x77, 0x6f, 0x72, 0x6b, 0x31, 0x3a, 0x30, 0x38, 0x06, 0x03, 0x55, 0x04, 0x0b, 0x13, 0x31, 0x28,
    0x63, 0x29, 0x20, 0x32, 0x30, 0x30, 0x36, 0x20, 0x56, 0x65, 0x72, 0x69, 0x53, 0x69, 0x67, 0x6e,
    0x2c, 0x20, 0x49, 0x6e, 0x63, 0x2e, 0x20, 0x2d, 0x20, 0x46, 0x6f, 0x72, 0x20, 0x61, 0x75, 0x74,
    0x68, 0x6f, 0x72, 0x69, 0x7a, 0x65, 0x64, 0x20, 0x75, 0x73, 0x65, 0x20, 0x6f, 0x6e, 0x6c, 0x79,
    0x31, 0x45, 0x30, 0x43, 0x06, 0x03, 0x55, 0x04, 0x03, 0x13, 0x3c, 0x56, 0x65, 0x72, 0x69, 0x53,
    0x69, 0x67, 0x6e, 0x20, 0x43, 0x6c, 0x61, 0x73, 0x73, 0x20, 0x33, 0x20, 0x50, 0x75, 0x62, 0x6c,
    0x69, 0x63, 0x20, 0x50, 0x72, 0x69, 0x6d, 0x61, 0x72, 0x79, 0x20, 0x43, 0x65, 0x72, 0x74, 0x69,
    0x66, 0x69, 0x63, 0x61, 0x74, 0x69, 0x6f, 0x6e, 0x20, 0x41, 0x75, 0x74, 0x68, 0x6f, 0x72, 0x69,
    0x74, 0x79, 0x20, 0x2d, 0x20, 0x47, 0x35, 0x30, 0x1e, 0x17, 0x0d, 0x31, 0x30, 0x30, 0x32, 0x30,
    0x38, 0x30, 0x30, 0x30, 0x30, 0x30, 0x30, 0x5a, 0x17, 0x0d, 0x32, 0x30, 0x30, 0x32, 0x30, 0x37,
    0x32, 0x33, 0x35, 0x39, 0x35, 0x39, 0x5a, 0x30, 0x81, 0xb4, 0x31, 0x0b, 0x30, 0x09, 0x06, 0x03,
    0x55, 0x04, 0x06, 0x13, 0x02, 0x55, 0x53, 0x31, 0x17, 0x30, 0x15, 0x06, 0x03, 0x55, 0x04, 0x0a,
    0x13, 0x0e, 0x56, 0x65, 0x72, 0x69, 0x53, 0x69, 0x67, 0x6e, 0x2c, 0x20, 0x49, 0x6e, 0x63, 0x2e,
    0x31, 0x1f, 0x30, 0x1d, 0x06, 0x03, 0x55, 0x04, 0x0b, 0x13, 0x16, 0x56, 0x65, 0x72, 0x69, 0x53,
    0x69, 0x67, 0x6e, 0x20, 0x54, 0x72, 0x75, 0x73, 0x74, 0x20, 0x4e, 0x65, 0x74, 0x77, 0x6f, 0x72,
    0x6b, 0x31, 0x3b, 0x30, 0x39, 0x06, 0x03, 0x55, 0x04, 0x0b, 0x13, 0x32, 0x54, 0x65, 0x72, 0x6d,
    0x73, 0x20, 0x6f, 0x66, 0x20, 0x75, 0x73, 0x65, 0x20, 0x61, 0x74, 0x20, 0x68, 0x74, 0x74, 0x70,
    0x73, 0x3a, 0x2f, 0x2f, 0x77, 0x77, 0x77, 0x2e, 0x76, 0x65, 0x72, 0x69, 0x73, 0x69, 0x67, 0x6e,
    0x2e, 0x63, 0x6f, 0x6d, 0x2f, 0x72, 0x70, 0x61, 0x20, 0x28, 0x63, 0x29, 0x31, 0x30, 0x31, 0x2e,
    0x30, 0x2c, 0x06, 0x03, 0x55, 0x04, 0x03, 0x13, 0x25, 0x56, 0x65, 0x72, 0x69, 0x53, 0x69, 0x67,
    0x6e, 0x20, 0x43, 0x6c, 0x61, 0x73, 0x73, 0x20, 0x33, 0x20, 0x43, 0x6f, 0x64, 0x65, 0x20, 0x53,
    0x69, 0x67, 0x6e, 0x69, 0x6e, 0x67, 0x20, 0x32, 0x30, 0x31, 0x30, 0x20, 0x43, 0x41, 0x30, 0x82,
    0x01, 0x22, 0x30, 0x0d, 0x06, 0x09, 0x2a, 0x86, 0x48, 0x86, 0xf7, 0x0d, 0x01, 0x01, 0x01, 0x05,
    0x00, 0x03, 0x82, 0x01, 0x0f, 0x00, 0x30, 0x82, 0x01, 0x0a, 0x02, 0x82, 0x01, 0x01, 0x00, 0xf5,
    0x23, 0x4b, 0x5e, 0xa5, 0xd7, 0x8a, 0xbb, 0x32, 0xe9, 0xd4, 0x57, 0xf7, 0xef, 0xe4, 0xc7, 0x26,
    0x7e, 0xad, 0x19, 0x98, 0xfe, 0xa8, 0x9d, 0x7d, 0x94, 0xf6, 0x36, 0x6b, 0x10, 0xd7, 0x75, 0x81,
    0x30, 0x7f, 0x04, 0x68, 0x7f, 0xcb, 0x2b, 0x75, 0x1e, 0xcd, 0x1d, 0x08, 0x8c, 0xdf, 0x69, 0x94,
    0xa7, 0x37, 0xa3, 0x9c, 0x7b, 0x80, 0xe0, 0x99, 0xe1, 0xee, 0x37, 0x4d, 0x5f, 0xce, 0x3b, 0x14,
    0xee, 0x86, 0xd4, 0xd0, 0xf5, 0x27, 0x35, 0xbc, 0x25, 0x0b, 0x38, 0xa7, 0x8c, 0x63, 0x9d, 0x17,
    0xa3, 0x08, 0xa5, 0xab, 0xb0, 0xfb, 0xcd, 0x6a, 0x62, 0x82, 0x4c, 0xd5, 0x21, 0xda, 0x1b, 0xd9,
    0xf1, 0xe3, 0x84, 0x3b, 0x8a, 0x2a, 0x4f, 0x85, 0x5b, 0x90, 0x01, 0x4f, 0xc9, 0xa7, 0x76, 0x10,
    0x7f, 0x27, 0x03, 0x7c, 0xbe, 0xae, 0x7e, 0x7d, 0xc1, 0xdd, 0xf9, 0x05, 0xbc, 0x1b, 0x48, 0x9c,
    0x69, 0xe7, 0xc0, 0xa4, 0x3c, 0x3c, 0x41, 0x00, 0x3e, 0xdf, 0x96, 0xe5, 0xc5, 0xe4, 0x94, 0x71,
    0xd6, 0x55, 0x01, 0xc7, 0x00, 0x26, 0x4a, 0x40, 0x3c, 0xb5, 0xa1, 0x26, 0xa9, 0x0c, 0xa7, 0x6d,
    0x80, 0x8e, 0x90, 0x25, 0x7b, 0xcf, 0xbf, 0x3f, 0x1c, 0xeb, 0x2f, 0x96, 0xfa, 0xe5, 0x87, 0x77,
    0xc6, 0xb5, 0x56, 0xb2, 0x7a, 0x3b, 0x54, 0x30, 0x53, 0x1b, 0xdf, 0x62, 0x34, 0xff, 0x1e, 0xd1,
    0xf4, 0x5a, 0x93, 0x28, 0x85, 0xe5, 0x4c, 0x17, 0x4e, 0x7e, 0x5b, 0xfd, 0xa4, 0x93, 0x99, 0x7f,
    0xdf, 0xcd, 0xef, 0xa4, 0x75, 0xef, 0xef, 0x15, 0xf6, 0x47, 0xe7, 0xf8, 0x19, 0x72, 0xd8, 0x2e,
    0x34, 0x1a, 0xa6, 0xb4, 0xa7, 0x4c, 0x7e, 0xbd, 0xbb, 0x4f, 0x0c, 0x3d, 0x57, 0xf1, 0x30, 0xd6,
    0xa6, 0x36, 0x8e, 0xd6, 0x80, 0x76, 0xd7, 0x19, 0x2e, 0xa5, 0xcd, 0x7e, 0x34, 0x2d, 0x89, 0x02,
    0x03, 0x01, 0x00, 0x01, 0xa3, 0x82, 0x01, 0xfe, 0x30, 0x82, 0x01, 0xfa, 0x30, 0x12, 0x06, 0x03,
    0x55, 0x1d, 0x13, 0x01, 0x01, 0xff, 0x04, 0x08, 0x30, 0x06, 0x01, 0x01, 0xff, 0x02, 0x01, 0x00,
    0x30, 0x70, 0x06, 0x03, 0x55, 0x1d, 0x20, 0x04, 0x69, 0x30, 0x67, 0x30, 0x65, 0x06, 0x0b, 0x60,
    0x86, 0x48, 0x01, 0x86, 0xf8, 0x45, 0x01, 0x07, 0x17, 0x03, 0x30, 0x56, 0x30, 0x28, 0x06, 0x08,
    0x2b, 0x06, 0x01, 0x05, 0x05, 0x07, 0x02, 0x01, 0x16, 0x1c, 0x68, 0x74, 0x74, 0x70, 0x73, 0x3a,
    0x2f, 0x2f, 0x77, 0x77, 0x77, 0x2e, 0x76, 0x65, 0x72, 0x69, 0x73, 0x69, 0x67, 0x6e, 0x2e, 0x63,
    0x6f, 0x6d, 0x2f, 0x63, 0x70, 0x73, 0x30, 0x2a, 0x06, 0x08, 0x2b, 0x06, 0x01, 0x05, 0x05, 0x07,
    0x02, 0x02, 0x30, 0x1e, 0x1a, 0x1c, 0x68, 0x74, 0x74, 0x70, 0x73, 0x3a, 0x2f, 0x2f, 0x77, 0x77,
    0x77, 0x2e, 0x76, 0x65, 0x72, 0x69, 0x73, 0x69, 0x67, 0x6e, 0x2e, 0x63, 0x6f, 0x6d, 0x2f, 0x72,
    0x70, 0x61, 0x30, 0x0e, 0x06, 0x03, 0x55, 0x1d, 0x0f, 0x01, 0x01, 0xff, 0x04, 0x04, 0x03, 0x02,
    0x01, 0x06, 0x30, 0x6d, 0x06, 0x08, 0x2b, 0x06, 0x01, 0x05, 0x05, 0x07, 0x01, 0x0c, 0x04, 0x61,
    0x30, 0x5f, 0xa1, 0x5d, 0xa0, 0x5b, 0x30, 0x59, 0x30, 0x57, 0x30, 0x55, 0x16, 0x09, 0x69, 0x6d,
    0x61, 0x67, 0x65, 0x2f, 0x67, 0x69, 0x66, 0x30, 0x21, 0x30, 0x1f, 0x30, 0x07, 0x06, 0x05, 0x2b,
    0x0e, 0x03, 0x02, 0x1a, 0x04, 0x14, 0x8f, 0xe5, 0xd3, 0x1a, 0x86, 0xac, 0x8d, 0x8e, 0x6b, 0xc3,
    0xcf, 0x80, 0x6a, 0xd4, 0x48, 0x18, 0x2c, 0x7b, 0x19, 0x2e, 0x30, 0x25, 0x16, 0x23, 0x68, 0x74,
    0x74, 0x70, 0x3a, 0x2f, 0x2f, 0x6c, 0x6f, 0x67, 0x6f, 0x2e, 0x76, 0x65, 0x72, 0x69, 0x73, 0x69,
    0x67, 0x6e, 0x2e, 0x63, 0x6f, 0x6d, 0x2f, 0x76, 0x73, 0x6c, 0x6f, 0x67, 0x6f, 0x2e, 0x67, 0x69,
    0x66, 0x30, 0x34, 0x06, 0x03, 0x55, 0x1d, 0x1f, 0x04, 0x2d, 0x30, 0x2b, 0x30, 0x29, 0xa0, 0x27,
    0xa0, 0x25, 0x86, 0x23, 0x68, 0x74, 0x74, 0x70, 0x3a, 0x2f, 0x2f, 0x63, 0x72, 0x6c, 0x2e, 0x76,
    0x65, 0x72, 0x69, 0x73, 0x69, 0x67, 0x6e, 0x2e, 0x63, 0x6f, 0x6d, 0x2f, 0x70, 0x63, 0x61, 0x33,
    0x2d, 0x67, 0x35, 0x2e, 0x63, 0x72, 0x6c, 0x30, 0x34, 0x06, 0x08, 0x2b, 0x06, 0x01, 0x05, 0x05,
    0x07, 0x01, 0x01, 0x04, 0x28, 0x30, 0x26, 0x30, 0x24, 0x06, 0x08, 0x2b, 0x06, 0x01, 0x05, 0x05,
    0x07, 0x30, 0x01, 0x86, 0x18, 0x68, 0x74, 0x74, 0x70, 0x3a, 0x2f, 0x2f, 0x6f, 0x63, 0x73, 0x70,
    0x2e, 0x76, 0x65, 0x72, 0x69, 0x73, 0x69, 0x67, 0x6e, 0x2e, 0x63, 0x6f, 0x6d, 0x30, 0x1d, 0x06,
    0x03, 0x55, 0x1d, 0x25, 0x04, 0x16, 0x30, 0x14, 0x06, 0x08, 0x2b, 0x06, 0x01, 0x05, 0x05, 0x07,
    0x03, 0x02, 0x06, 0x08, 0x2b, 0x06, 0x01, 0x05, 0x05, 0x07, 0x03, 0x03, 0x30, 0x28, 0x06, 0x03,
    0x55, 0x1d, 0x11, 0x04, 0x21, 0x30, 0x1f, 0xa4, 0x1d, 0x30, 0x1b, 0x31, 0x19, 0x30, 0x17, 0x06,
    0x03, 0x55, 0x04, 0x03, 0x13, 0x10, 0x56, 0x65, 0x72, 0x69, 0x53, 0x69, 0x67, 0x6e, 0x4d, 0x50,
    0x4b, 0x49, 0x2d, 0x32, 0x2d, 0x38, 0x30, 0x1d, 0x06, 0x03, 0x55, 0x1d, 0x0e, 0x04, 0x16, 0x04,
    0x14, 0xcf, 0x99, 0xa9, 0xea, 0x7b, 0x26, 0xf4, 0x4b, 0xc9, 0x8e, 0x8f, 0xd7, 0xf0, 0x05, 0x26,
    0xef, 0xe3, 0xd2, 0xa7, 0x9d, 0x30, 0x1f, 0x06, 0x03, 0x55, 0x1d, 0x23, 0x04, 0x18, 0x30, 0x16,
    0x80, 0x14, 0x7f, 0xd3, 0x65, 0xa7, 0xc2, 0xdd, 0xec, 0xbb, 0xf0, 0x30, 0x09, 0xf3, 0x43, 0x39,
    0xfa, 0x02, 0xaf, 0x33, 0x31, 0x33, 0x30, 0x0d, 0x06, 0x09, 0x2a, 0x86, 0x48, 0x86, 0xf7, 0x0d,
    0x01, 0x01, 0x05, 0x05, 0x00, 0x03, 0x82, 0x01, 0x01, 0x00, 0x56, 0x22, 0xe6, 0x34, 0xa4, 0xc4,
    0x61, 0xcb, 0x48, 0xb9, 0x01, 0xad, 0x56, 0xa8, 0x64, 0x0f, 0xd9, 0x8c, 0x91, 0xc4, 0xbb, 0xcc,
    0x0c, 0xe5, 0xad, 0x7a, 0xa0, 0x22, 0x7f, 0xdf, 0x47, 0x38, 0x4a, 0x2d, 0x6c, 0xd1, 0x7f, 0x71,
    0x1a, 0x7c, 0xec, 0x70, 0xa9, 0xb1, 0xf0, 0x4f, 0xe4, 0x0f, 0x0c, 0x53, 0xfa, 0x15, 0x5e, 0xfe,
    0x74, 0x98, 0x49, 0x24, 0x85, 0x81, 0x26, 0x1c, 0x91, 0x14, 0x47, 0xb0, 0x4c, 0x63, 0x8c, 0xbb,
    0xa1, 0x34, 0xd4, 0xc6, 0x45, 0xe8, 0x0d, 0x85, 0x26, 0x73, 0x03, 0xd0, 0xa9, 0x8c, 0x64, 0x6d,
    0xdc, 0x71, 0x92, 0xe6, 0x45, 0x05, 0x60, 0x15, 0x59, 0x51, 0x39, 0xfc, 0x58, 0x14, 0x6b, 0xfe,
    0xd4, 0xa4, 0xed, 0x79, 0x6b, 0x08, 0x0c, 0x41, 0x72, 0xe7, 0x37, 0x22, 0x06, 0x09, 0xbe, 0x23,
    0xe9, 0x3f, 0x44, 0x9a, 0x1e, 0xe9, 0x61, 0x9d, 0xcc, 0xb1, 0x90, 0x5c, 0xfc, 0x3d, 0xd2, 0x8d,
    0xac, 0x42, 0x3d, 0x65, 0x36, 0xd4, 0xb4, 0x3d, 0x40, 0x28, 0x8f, 0x9b, 0x10, 0xcf, 0x23, 0x26,
    0xcc, 0x4b, 0x20, 0xcb, 0x90, 0x1f, 0x5d, 0x8c, 0x4c, 0x34, 0xca, 0x3c, 0xd8, 0xe5, 0x37, 0xd6,
    0x6f, 0xa5, 0x20, 0xbd, 0x34, 0xeb, 0x26, 0xd9, 0xae, 0x0d, 0xe7, 0xc5, 0x9a, 0xf7, 0xa1, 0xb4,
    0x21, 0x91, 0x33, 0x6f, 0x86, 0xe8, 0x58, 0xbb, 0x25, 0x7c, 0x74, 0x0e, 0x58, 0xfe, 0x75, 0x1b,
    0x63, 0x3f, 0xce, 0x31, 0x7c, 0x9b, 0x8f, 0x1b, 0x96, 0x9e, 0xc5, 0x53, 0x76, 0x84, 0x5b, 0x9c,
    0xad, 0x91, 0xfa, 0xac, 0xed, 0x93, 0xba, 0x5d, 0xc8, 0x21, 0x53, 0xc2, 0x82, 0x53, 0x63, 0xaf,
    0x12, 0x0d, 0x50, 0x87, 0x11, 0x1b, 0x3d, 0x54, 0x52, 0x96, 0x8a, 0x2c, 0x9c, 0x3d, 0x92, 0x1a,
    0x08, 0x9a, 0x05, 0x2e, 0xc7, 0x93, 0xa5, 0x48, 0x91, 0xd3, 0x31, 0x82, 0x04, 0x72, 0x30, 0x82,
    0x04, 0x6e, 0x02, 0x01, 0x01, 0x30, 0x81, 0xc9, 0x30, 0x81, 0xb4, 0x31, 0x0b, 0x30, 0x09, 0x06,
    0x03, 0x55, 0x04, 0x06, 0x13, 0x02, 0x55, 0x53, 0x31, 0x17, 0x30, 0x15, 0x06, 0x03, 0x55, 0x04,
    0x0a, 0x13, 0x0e, 0x56, 0x65, 0x72, 0x69, 0x53, 0x69, 0x67, 0x6e, 0x2c, 0x20, 0x49, 0x6e, 0x63,
    0x2e, 0x31, 0x1f, 0x30, 0x1d, 0x06, 0x03, 0x55, 0x04, 0x0b, 0x13, 0x16, 0x56, 0x65, 0x72, 0x69,
    0x53, 0x69, 0x67, 0x6e, 0x20, 0x54, 0x72, 0x75, 0x73, 0x74, 0x20, 0x4e, 0x65, 0x74, 0x77, 0x6f,
    0x72, 0x6b, 0x31, 0x3b, 0x30, 0x39, 0x06, 0x03, 0x55, 0x04, 0x0b, 0x13, 0x32, 0x54, 0x65, 0x72,
    0x6d, 0x73, 0x20, 0x6f, 0x66, 0x20, 0x75, 0x73, 0x65, 0x20, 0x61, 0x74, 0x20, 0x68, 0x74, 0x74,
    0x70, 0x73, 0x3a, 0x2f, 0x2f, 0x77, 0x77, 0x77, 0x2e, 0x76, 0x65, 0x72, 0x69, 0x73, 0x69, 0x67,
    0x6e, 0x2e, 0x63, 0x6f, 0x6d, 0x2f, 0x72, 0x70, 0x61, 0x20, 0x28, 0x63, 0x29, 0x31, 0x30, 0x31,
    0x2e, 0x30, 0x2c, 0x06, 0x03, 0x55, 0x04, 0x03, 0x13, 0x25, 0x56, 0x65, 0x72, 0x69, 0x53, 0x69,
    0x67, 0x6e, 0x20, 0x43, 0x6c, 0x61, 0x73, 0x73, 0x20, 0x33, 0x20, 0x43, 0x6f, 0x64, 0x65, 0x20,
    0x53, 0x69, 0x67, 0x6e, 0x69, 0x6e, 0x67, 0x20, 0x32, 0x30, 0x31, 0x30, 0x20, 0x43, 0x41, 0x02,
    0x10, 0x66, 0xf4, 0x1e, 0xaf, 0xc7, 0x73, 0xe8, 0xeb, 0xae, 0x13, 0x10, 0x68, 0x83, 0x93, 0x34,
    0x85, 0x30, 0x09, 0x06, 0x05, 0x2b, 0x0e, 0x03, 0x02, 0x1a, 0x05, 0x00, 0xa0, 0x70, 0x30, 0x10,
    0x06, 0x0a, 0x2b, 0x06, 0x01, 0x04, 0x01, 0x82, 0x37, 0x02, 0x01, 0x0c, 0x31, 0x02, 0x30, 0x00,
    0x30, 0x19, 0x06, 0x09, 0x2a, 0x86, 0x48, 0x86, 0xf7, 0x0d, 0x01, 0x09, 0x03, 0x31, 0x0c, 0x06,
    0x0a, 0x2b, 0x06, 0x01, 0x04, 0x01, 0x82, 0x37, 0x02, 0x01, 0x04, 0x30, 0x1c, 0x06, 0x0a, 0x2b,
    0x06, 0x01, 0x04, 0x01, 0x82, 0x37, 0x02, 0x01, 0x0b, 0x31, 0x0e, 0x30, 0x0c, 0x06, 0x0a, 0x2b,
    0x06, 0x01, 0x04, 0x01, 0x82, 0x37, 0x02, 0x01, 0x15, 0x30, 0x23, 0x06, 0x09, 0x2a, 0x86, 0x48,
    0x86, 0xf7, 0x0d, 0x01, 0x09, 0x04, 0x31, 0x16, 0x04, 0x14, 0xd3, 0x72, 0xaf, 0xb9, 0xf3, 0xbe,
    0x61, 0xbc, 0xf6, 0xba, 0xd7, 0x21, 0xaf, 0x89, 0x3a, 0xe1, 0x33, 0x32, 0x79, 0x9c, 0x30, 0x0d,
    0x06, 0x09, 0x2a, 0x86, 0x48, 0x86, 0xf7, 0x0d, 0x01, 0x01, 0x01, 0x05, 0x00, 0x04, 0x82, 0x01,
    0x00, 0x80, 0xc3, 0xef, 0x1f, 0x08, 0x58, 0x95, 0x99, 0x8a, 0x1a, 0x21, 0x36, 0x53, 0xf8, 0x66,
    0x1c, 0xd8, 0xf8, 0xf6, 0x7c, 0x59, 0x68, 0x23, 0x88, 0xef, 0xb3, 0x4c, 0x14, 0xdd, 0x63, 0x31,
    0x4f, 0x1e, 0xd9, 0xd3, 0x66, 0xe8, 0x58, 0x1e, 0xb3, 0xe4, 0xdf, 0x02, 0x14, 0xfc, 0xf4, 0xa9,
    0x6b, 0x0d, 0xd0, 0xc3, 0x72, 0xe7, 0x3a, 0xfa, 0x10, 0x4a, 0xf9, 0x37, 0x0b, 0x13, 0xb8, 0x41,
    0xf3, 0x01, 0xd3, 0x7f, 0xa0, 0xc2, 0x80, 0x37, 0x14, 0x88, 0x72, 0xd2, 0xfe, 0x93, 0x33, 0xb8,
    0x9e, 0x3b, 0xe2, 0x91, 0x2b, 0xb1, 0xfd, 0x7d, 0x6a, 0xc9, 0x5d, 0x4d, 0x0f, 0xfe, 0x7a, 0xf1,
    0xef, 0x21, 0x57, 0x83, 0xe0, 0x3a, 0xe1, 0x13, 0xa2, 0x2a, 0x25, 0xcf, 0x3b, 0xe7, 0xe9, 0x2b,
    0x5c, 0x32, 0x84, 0x16, 0x5d, 0x67, 0xf9, 0xb0, 0xda, 0x4b, 0xaf, 0x09, 0x8e, 0x09, 0xc7, 0xd8,
    0x8f, 0x3a, 0x76, 0x69, 0xf2, 0x5b, 0xe6, 0xe8, 0xd5, 0x24, 0x58, 0x6f, 0xa9, 0x72, 0xfe, 0x4f,
    0x89, 0xec, 0x6b, 0xe9, 0x8b, 0x12, 0x67, 0x16, 0xe5, 0x28, 0x70, 0xaa, 0x90, 0x50, 0x89, 0xa1,
    0x5a, 0xdc, 0x56, 0x6b, 0x2d, 0xa7, 0x7c, 0x5e, 0x4d, 0xbb, 0xae, 0x65, 0x0a, 0x5e, 0x5f, 0x27,
    0x52, 0x9e, 0x9a, 0x48, 0xdd, 0xe8, 0x65, 0x33, 0x97, 0x47, 0x31, 0xb5, 0xa8, 0x94, 0x7d, 0xb8,
    0xf0, 0x2b, 0xaf, 0x9c, 0xc0, 0x90, 0x5d, 0x59, 0x60, 0xa6, 0x99, 0x9d, 0xdb, 0x1d, 0x82, 0x9d,
    0x58, 0x28, 0x3a, 0x81, 0x34, 0x27, 0x89, 0xf8, 0x6e, 0x67, 0x69, 0x9c, 0xe4, 0x19, 0x2c, 0x40,
    0x0c, 0x76, 0x4c, 0x28, 0xf7, 0xc0, 0x04, 0x98, 0xc3, 0x93, 0xe1, 0x47, 0xca, 0x76, 0xf7, 0x1b,
    0x43, 0x23, 0xaf, 0xc1, 0x46, 0x0f, 0xe3, 0x9d, 0xd6, 0x47, 0x2b, 0x49, 0x50, 0x91, 0x8a, 0x12,
    0x80, 0xa1, 0x82, 0x02, 0x0b, 0x30, 0x82, 0x02, 0x07, 0x06, 0x09, 0x2a, 0x86, 0x48, 0x86, 0xf7,
    0x0d, 0x01, 0x09, 0x06, 0x31, 0x82, 0x01, 0xf8, 0x30, 0x82, 0x01, 0xf4, 0x02, 0x01, 0x01, 0x30,
    0x72, 0x30, 0x5e, 0x31, 0x0b, 0x30, 0x09, 0x06, 0x03, 0x55, 0x04, 0x06, 0x13, 0x02, 0x55, 0x53,
    0x31, 0x1d, 0x30, 0x1b, 0x06, 0x03, 0x55, 0x04, 0x0a, 0x13, 0x14, 0x53, 0x79, 0x6d, 0x61, 0x6e,
    0x74, 0x65, 0x63, 0x20, 0x43, 0x6f, 0x72, 0x70, 0x6f, 0x72, 0x61, 0x74, 0x69, 0x6f, 0x6e, 0x31,
    0x30, 0x30, 0x2e, 0x06, 0x03, 0x55, 0x04, 0x03, 0x13, 0x27, 0x53, 0x79, 0x6d, 0x61, 0x6e, 0x74,
    0x65, 0x63, 0x20, 0x54, 0x69, 0x6d, 0x65, 0x20, 0x53, 0x74, 0x61, 0x6d, 0x70, 0x69, 0x6e, 0x67,
    0x20, 0x53, 0x65, 0x72, 0x76, 0x69, 0x63, 0x65, 0x73, 0x20, 0x43, 0x41, 0x20, 0x2d, 0x20, 0x47,
    0x32, 0x02, 0x10, 0x0e, 0xcf, 0xf4, 0x38, 0xc8, 0xfe, 0xbf, 0x35, 0x6e, 0x04, 0xd8, 0x6a, 0x98,
    0x1b, 0x1a, 0x50, 0x30, 0x09, 0x06, 0x05, 0x2b, 0x0e, 0x03, 0x02, 0x1a, 0x05, 0x00, 0xa0, 0x5d,
    0x30, 0x18, 0x06, 0x09, 0x2a, 0x86, 0x48, 0x86, 0xf7, 0x0d, 0x01, 0x09, 0x03, 0x31, 0x0b, 0x06,
    0x09, 0x2a, 0x86, 0x48, 0x86, 0xf7, 0x0d, 0x01, 0x07, 0x01, 0x30, 0x1c, 0x06, 0x09, 0x2a, 0x86,
    0x48, 0x86, 0xf7, 0x0d, 0x01, 0x09, 0x05, 0x31, 0x0f, 0x17, 0x0d, 0x31, 0x35, 0x30, 0x31, 0x31,
    0x32, 0x31, 0x32, 0x30, 0x36, 0x32, 0x38, 0x5a, 0x30, 0x23, 0x06, 0x09, 0x2a, 0x86, 0x48, 0x86,
    0xf7, 0x0d, 0x01, 0x09, 0x04, 0x31, 0x16, 0x04, 0x14, 0xc0, 0x81, 0x80, 0xc2, 0x93, 0xce, 0xbe,
    0x26, 0x35, 0xac, 0x4a, 0x15, 0x83, 0xd5, 0x0b, 0x50, 0x67, 0x30, 0x2b, 0xc9, 0x30, 0x0d, 0x06,
    0x09, 0x2a, 0x86, 0x48, 0x86, 0xf7, 0x0d, 0x01, 0x01, 0x01, 0x05, 0x00, 0x04, 0x82, 0x01, 0x00,
    0x05, 0x6a, 0x14, 0x7d, 0xb4, 0x11, 0xb2, 0xa9, 0x02, 0x51, 0x6b, 0xba, 0x2b, 0x9d, 0x68, 0x23,
    0xbb, 0xb5, 0x66, 0xc1, 0x94, 0xb7, 0xc9, 0xbb, 0x0f, 0x52, 0xc5, 0x6c, 0x07, 0x23, 0x56, 0xe8,
    0xeb, 0xe3, 0x4e, 0xfc, 0xb3, 0xaa, 0x1c, 0x95, 0xf7, 0x4e, 0x2c, 0x77, 0x0c, 0x4b, 0x5f, 0x46,
    0x77, 0x83, 0xa5, 0xc8, 0x19, 0x05, 0x0e, 0x0f, 0x31, 0x6e, 0x6e, 0xcb, 0x26, 0xd2, 0x80, 0x2b,
    0xb9, 0x6e, 0x45, 0x89, 0x4b, 0x25, 0x5b, 0x35, 0x36, 0x7c, 0x7e, 0x69, 0xde, 0xc8, 0xc1, 0x0a,
    0xfe, 0xc4, 0x8e, 0x6a, 0xe0, 0x8a, 0x37, 0x3c, 0xc2, 0xca, 0x9e, 0x89, 0xb6, 0xd3, 0x66, 0x1c,
    0xd8, 0x6c, 0x92, 0x1c, 0xc9, 0xbe, 0x65, 0xd9, 0x86, 0xd8, 0x0b, 0xd7, 0xf9, 0xfb, 0x6a, 0xe5,
    0x1e, 0x0a, 0x9f, 0xc4, 0x79, 0x64, 0x6f, 0x51, 0x56, 0x0d, 0xbe, 0x35, 0x5b, 0x89, 0x2f, 0x58,
    0xc4, 0xfe, 0x35, 0x99, 0x9d, 0x5e, 0xc1, 0x2c, 0xc3, 0xfa, 0x0c, 0xd7, 0x29, 0x6f, 0x17, 0x6d,
    0x76, 0x4f, 0xd8, 0x3e, 0x12, 0x64, 0xe9, 0x49, 0x33, 0x6c, 0xad, 0xd2, 0x31, 0x42, 0x43, 0xfc,
    0x2b, 0xea, 0x50, 0xac, 0x83, 0x40, 0xe6, 0x9c, 0xb4, 0x57, 0xbf, 0x1b, 0x27, 0x23, 0x73, 0x79,
    0xd2, 0x43, 0xb2, 0x7b, 0xd0, 0x9e, 0xf6, 0xbd, 0x80, 0x50, 0x14, 0xed, 0x2b, 0xa4, 0x75, 0x08,
    0x4e, 0xe0, 0x38, 0x26, 0x84, 0xb0, 0xa8, 0x27, 0xe0, 0xaa, 0x10, 0xec, 0x4c, 0xca, 0xe6, 0x10,
    0xab, 0xdb, 0xd2, 0x16, 0x3a, 0x68, 0xf7, 0x23, 0x65, 0x30, 0x05, 0x1f, 0x70, 0x94, 0x5e, 0x2b,
    0xfe, 0x4f, 0xb0, 0x3e, 0xc6, 0x79, 0xcf, 0x26, 0x45, 0xb6, 0xc5, 0x1a, 0x00, 0x36, 0xc2, 0x88,
    0xb2, 0x2e, 0xe7, 0xfe, 0x92, 0xc7, 0x2f, 0x27, 0x13, 0x7c, 0xc7, 0x0a, 0x75, 0xfe, 0xaa, 0xb0,
};
// END ORIGINAL SIGNED DRIVER BYTES
static_assert(sizeof(kDriver) == 21232, "Incomplete embedded driver");

static constexpr wchar_t kTitle[] = L"timer delta fixer";
static constexpr wchar_t kBroker[] = L"TimerDeltaFixerBroker";
static constexpr wchar_t kDriverService[] = L"TimerDeltaFixerDriver";
static constexpr wchar_t kPipe[] = L"\\\\.\\pipe\\TimerDeltaFixer.636519d3.v1";
static constexpr DWORD kHello = 0x54444631, kRelease = 0x54444632;
static constexpr UINT kTrayMessage = WM_APP + 1;
struct Reply { DWORD magic, error, actualUs; };
static_assert(sizeof(Reply) == 12, "Protocol size");

struct Error { const wchar_t* action; DWORD code; };
[[noreturn]] static void Fail(const wchar_t* action, DWORD code = GetLastError())
{ throw Error{ action, code ? code : ERROR_GEN_FAILURE }; }
static void Check(BOOL ok, const wchar_t* action) { if (!ok) Fail(action); }
struct Handle {
    HANDLE h = nullptr;
    explicit Handle(HANDLE v = nullptr) : h(v) {}
    ~Handle() { reset(); }
    Handle(const Handle&) = delete;
    Handle& operator=(const Handle&) = delete;
    bool valid() const { return h && h != INVALID_HANDLE_VALUE; }
    void reset(HANDLE v = nullptr) { if (valid()) CloseHandle(h); h = v; }
};
struct ServiceHandle {
    SC_HANDLE h = nullptr;
    explicit ServiceHandle(SC_HANDLE v = nullptr) : h(v) {}
    ~ServiceHandle() { if (h) CloseServiceHandle(h); }
    ServiceHandle(const ServiceHandle&) = delete;
    ServiceHandle& operator=(const ServiceHandle&) = delete;
};
struct Security {
    PSECURITY_DESCRIPTOR sd = nullptr;
    SECURITY_ATTRIBUTES sa = { sizeof(SECURITY_ATTRIBUTES), nullptr, FALSE };
    explicit Security(const wchar_t* sddl) {
        Check(ConvertStringSecurityDescriptorToSecurityDescriptorW(sddl,
            SDDL_REVISION_1, &sd, nullptr), L"Cannot build security descriptor.");
        sa.lpSecurityDescriptor = sd;
    }
    ~Security() { if (sd) LocalFree(sd); }
};
struct Paths {
    std::wstring dir, exe, driver, command;
    Paths() {
        PWSTR p = nullptr;
        HRESULT hr = SHGetKnownFolderPath(FOLDERID_ProgramFiles, KF_FLAG_DEFAULT, nullptr, &p);
        if (FAILED(hr)) Fail(L"Cannot locate Program Files.", static_cast<DWORD>(hr));
        dir = p; CoTaskMemFree(p);
        dir += L"\\Timer Delta Fixer";
        exe = dir + L"\\timerfix.exe";
        driver = dir + L"\\dpclat_636519d3.sys";
        command = L"\"" + exe + L"\" --service";
    }
};
static std::wstring SelfPath() {
    wchar_t p[32768] = {};
    DWORD n = GetModuleFileNameW(nullptr, p, ARRAYSIZE(p));
    if (!n || n >= ARRAYSIZE(p)) Fail(L"Cannot locate this executable.", ERROR_BAD_PATHNAME);
    return p;
}
static bool Elevated() {
    Handle token; HANDLE h = nullptr;
    Check(OpenProcessToken(GetCurrentProcess(), TOKEN_QUERY, &h), L"Cannot read process token.");
    token.reset(h);
    TOKEN_ELEVATION e = {}; DWORD bytes = 0;
    Check(GetTokenInformation(token.h, TokenElevation, &e, sizeof(e), &bytes), L"Cannot read elevation state.");
    return e.TokenIsElevated != 0;
}
static void ShowError(const Error& e) {
    wchar_t text[1600] = {};
    StringCchPrintfW(text, ARRAYSIZE(text),
        L"%s\n\nWindows error: %lu (0x%08lX).\n"
        L"Close DPC Latency Checker and older timerfix copies before retrying.",
        e.action, e.code, e.code);
    MessageBoxW(nullptr, text, kTitle, MB_OK | MB_ICONERROR);
}
static SERVICE_STATUS_PROCESS Status(SC_HANDLE s) {
    SERVICE_STATUS_PROCESS st = {}; DWORD n = 0;
    Check(QueryServiceStatusEx(s, SC_STATUS_PROCESS_INFO,
        reinterpret_cast<BYTE*>(&st), sizeof(st), &n), L"Cannot query service status.");
    return st;
}
static void WaitState(SC_HANDLE s, DWORD wanted, DWORD timeout = 15000) {
    ULONGLONG until = GetTickCount64() + timeout;
    for (;;) {
        auto st = Status(s);
        if (st.dwCurrentState == wanted) return;
        if (wanted == SERVICE_RUNNING && st.dwCurrentState == SERVICE_STOPPED)
            Fail(L"The service stopped during startup.", st.dwWin32ExitCode ? st.dwWin32ExitCode : ERROR_SERVICE_NOT_ACTIVE);
        if (GetTickCount64() >= until) Fail(L"Timed out waiting for the service.", ERROR_TIMEOUT);
        Sleep(50); // startup/shutdown only
    }
}
static void Start(SC_HANDLE s) {
    auto st = Status(s);
    if (st.dwCurrentState == SERVICE_STOP_PENDING) WaitState(s, SERVICE_STOPPED);
    if (!StartServiceW(s, 0, nullptr) && GetLastError() != ERROR_SERVICE_ALREADY_RUNNING)
        Fail(L"Windows could not start the service or load the driver.");
    WaitState(s, SERVICE_RUNNING);
}
static void Stop(SC_HANDLE s) {
    auto st = Status(s);
    if (st.dwCurrentState == SERVICE_STOPPED) return;
    SERVICE_STATUS dummy = {};
    if (st.dwCurrentState != SERVICE_STOP_PENDING &&
        !ControlService(s, SERVICE_CONTROL_STOP, &dummy) && GetLastError() != ERROR_SERVICE_NOT_ACTIVE)
        Fail(L"Cannot stop the service.");
    WaitState(s, SERVICE_STOPPED);
}
static void VerifyConfig(SC_HANDLE s, const std::wstring& path, DWORD type) {
    DWORD n = 0; QueryServiceConfigW(s, nullptr, 0, &n);
    if (GetLastError() != ERROR_INSUFFICIENT_BUFFER) Fail(L"Cannot inspect installed service.");
    std::vector<BYTE> buf(n);
    auto c = reinterpret_cast<QUERY_SERVICE_CONFIGW*>(buf.data());
    Check(QueryServiceConfigW(s, c, n, &n), L"Cannot inspect installed service.");
    std::wstring actual = c->lpBinaryPathName;
    if (type == SERVICE_KERNEL_DRIVER && actual.compare(0, 4, L"\\??\\") == 0) actual.erase(0, 4);
    if (c->dwServiceType != type || _wcsicmp(actual.c_str(), path.c_str()) != 0 ||
        (type == SERVICE_WIN32_OWN_PROCESS && _wcsicmp(c->lpServiceStartName, L"LocalSystem") != 0))
        Fail(L"A different service uses this name. It will not be modified.", ERROR_SERVICE_EXISTS);
}
static bool Installed() {
    ServiceHandle scm(OpenSCManagerW(nullptr, nullptr, SC_MANAGER_CONNECT));
    if (!scm.h) Fail(L"Cannot connect to Service Control Manager.");
    ServiceHandle s(OpenServiceW(scm.h, kBroker, SERVICE_QUERY_CONFIG));
    if (!s.h) {
        if (GetLastError() == ERROR_SERVICE_DOES_NOT_EXIST) return false;
        Fail(L"Cannot inspect timer delta fixer installation.");
    }
    Paths p; VerifyConfig(s.h, p.command, SERVICE_WIN32_OWN_PROCESS);
    return true;
}
static void CheckConflicts(SC_HANDLE scm) {
    for (const auto name : { L"dpclat_driver", L"TimerDeltaFixDpc" }) {
        ServiceHandle s(OpenServiceW(scm, name, SERVICE_QUERY_STATUS));
        if (s.h) {
            if (Status(s.h).dwCurrentState != SERVICE_STOPPED)
                Fail(L"DPC Latency Checker or the previous timerfix is still running.", ERROR_BUSY);
        } else if (GetLastError() != ERROR_SERVICE_DOES_NOT_EXIST)
            Fail(L"Cannot check for a conflicting driver.");
    }
}

// Validate embedded bytes before each load. The open handle prevents replacement.
static HANDLE GuardDriver(const Paths& p) {
    Handle f(CreateFileW(p.driver.c_str(), GENERIC_READ, FILE_SHARE_READ, nullptr,
        OPEN_EXISTING, FILE_FLAG_OPEN_REPARSE_POINT, nullptr));
    if (!f.valid()) Fail(L"Cannot verify the installed driver.");
    BY_HANDLE_FILE_INFORMATION info = {};
    Check(GetFileInformationByHandle(f.h, &info), L"Cannot inspect the driver file.");
    if ((info.dwFileAttributes & FILE_ATTRIBUTE_REPARSE_POINT) || info.nFileSizeHigh || info.nFileSizeLow != sizeof(kDriver))
        Fail(L"Installed driver differs from the embedded original.", ERROR_INVALID_DATA);
    BYTE buffer[4096];
    for (DWORD offset = 0; offset < sizeof(kDriver);) {
        DWORD count = static_cast<DWORD>(sizeof(kDriver)) - offset, n = 0;
        if (count > sizeof(buffer)) count = sizeof(buffer);
        Check(ReadFile(f.h, buffer, count, &n, nullptr), L"Cannot read the installed driver.");
        if (n != count || std::memcmp(buffer, kDriver + offset, count) != 0)
            Fail(L"Installed driver differs from the embedded original.", ERROR_INVALID_DATA);
        offset += n;
    }
    HANDLE result = f.h; f.h = nullptr; return result;
}
struct TimerLease {
    ServiceHandle scm, driver;
    Handle file, device;
    bool started = false;
    DWORD actualUs = 0;
    TimerLease() = default;
    void acquire() {
        Paths p;
        scm.h = OpenSCManagerW(nullptr, nullptr, SC_MANAGER_CONNECT);
        if (!scm.h) Fail(L"Cannot connect to driver service manager.");
        CheckConflicts(scm.h);
        file.reset(GuardDriver(p));
        driver.h = OpenServiceW(scm.h, kDriverService,
            SERVICE_QUERY_STATUS | SERVICE_QUERY_CONFIG | SERVICE_START | SERVICE_STOP);
        if (!driver.h) Fail(L"The driver service is missing.");
        VerifyConfig(driver.h, p.driver, SERVICE_KERNEL_DRIVER);
        // A broker restart may find our own driver already loaded. No timer
        // handle survives a broker process termination; clean that state first.
        if (Status(driver.h).dwCurrentState != SERVICE_STOPPED) Stop(driver.h);
        started = true;
        Start(driver.h);
        device.reset(CreateFileW(L"\\\\.\\dpclat_static_device", GENERIC_READ | GENERIC_WRITE,
            0, nullptr, OPEN_EXISTING, FILE_ATTRIBUTE_NORMAL, nullptr));
        if (!device.valid()) Fail(L"Cannot open the DPC timer device.");
        DWORD requested = 1000, n = 0;
        Check(DeviceIoControl(device.h, 0x81772008UL, &requested, sizeof(requested),
            &actualUs, sizeof(actualUs), &n, nullptr), L"The driver rejected the 1 ms request.");
        if (n != sizeof(actualUs) || !actualUs || actualUs > 1100)
            Fail(L"The driver returned an unexpected interval.", ERROR_INVALID_DATA);
    }
    DWORD release() noexcept {
        device.reset(); // IRP_MJ_CLEANUP releases the timer request exactly once
        DWORD error = 0;
        if (started && driver.h) {
            try { Stop(driver.h); } catch (const Error& e) { error = e.code; } catch (...) { error = ERROR_GEN_FAILURE; }
        }
        started = false; file.reset(); return error;
    }
    ~TimerLease() { release(); }
};

// One overlapped operation, cancellable by stop event or timeout. Always drain
// cancellation before the stack OVERLAPPED/event/buffer goes out of scope.
static DWORD PipeIO(HANDLE pipe, bool write, void* data, DWORD size,
                    HANDLE stop, DWORD timeout, DWORD& transferred) {
    Handle event(CreateEventW(nullptr, TRUE, FALSE, nullptr));
    if (!event.valid()) return GetLastError();
    OVERLAPPED ov = {}; ov.hEvent = event.h;
    BOOL ok = write ? WriteFile(pipe, data, size, &transferred, &ov)
                    : ReadFile(pipe, data, size, &transferred, &ov);
    if (!ok && GetLastError() != ERROR_IO_PENDING) return GetLastError();
    HANDLE waits[] = { event.h, stop };
    DWORD w = WaitForMultipleObjects(stop ? 2 : 1, waits, FALSE, timeout);
    if (w != WAIT_OBJECT_0) {
        DWORD err = w == WAIT_TIMEOUT ? ERROR_TIMEOUT : ERROR_OPERATION_ABORTED;
        CancelIoEx(pipe, &ov); GetOverlappedResult(pipe, &ov, &transferred, TRUE);
        return err;
    }
    if (!GetOverlappedResult(pipe, &ov, &transferred, FALSE)) return GetLastError();
    return transferred == size ? ERROR_SUCCESS : ERROR_INVALID_DATA;
}
static HANDLE gStop = nullptr;
static SERVICE_STATUS_HANDLE gStatus = nullptr;
static void Report(DWORD state, DWORD error = 0) {
    SERVICE_STATUS st = {};
    st.dwServiceType = SERVICE_WIN32_OWN_PROCESS;
    st.dwCurrentState = state;
    st.dwControlsAccepted = state == SERVICE_RUNNING ? SERVICE_ACCEPT_STOP | SERVICE_ACCEPT_SHUTDOWN : 0;
    st.dwWin32ExitCode = error;
    if (state == SERVICE_START_PENDING || state == SERVICE_STOP_PENDING) { st.dwCheckPoint = 1; st.dwWaitHint = 20000; }
    SetServiceStatus(gStatus, &st);
}
static DWORD WINAPI ServiceControl(DWORD control, DWORD, void*, void*) {
    if (control == SERVICE_CONTROL_STOP || control == SERVICE_CONTROL_SHUTDOWN) {
        SetEvent(gStop); return NO_ERROR;
    }
    return control == SERVICE_CONTROL_INTERROGATE ? NO_ERROR : ERROR_CALL_NOT_IMPLEMENTED;
}
static void ServeClient(HANDLE pipe) {
    DWORD request = 0, n = 0;
    if (PipeIO(pipe, false, &request, sizeof(request), gStop, 5000, n) || request != kHello) return;
    TimerLease lease;
    Reply reply = { kHello, 0, 0 };
    try { lease.acquire(); reply.actualUs = lease.actualUs; }
    catch (const Error& e) { reply.error = e.code; }
    catch (...) { reply.error = ERROR_GEN_FAILURE; }
    if (reply.error) lease.release();
    if (PipeIO(pipe, true, &reply, sizeof(reply), gStop, 5000, n) || reply.error) return;
    DWORD error = PipeIO(pipe, false, &request, sizeof(request), gStop, INFINITE, n);
    DWORD released = lease.release();
    if (!error && request == kRelease) {
        Reply done = { kRelease, released, 0 };
        PipeIO(pipe, true, &done, sizeof(done), gStop, 5000, n);
    }
}
static void WINAPI ServiceMain(DWORD, LPWSTR*) {
    Handle stop(CreateEventW(nullptr, TRUE, FALSE, nullptr));
    gStop = stop.h;
    gStatus = RegisterServiceCtrlHandlerExW(kBroker, ServiceControl, nullptr);
    if (!gStatus) return;
    if (!stop.valid()) { Report(SERVICE_STOPPED, ERROR_NOT_ENOUGH_MEMORY); return; }
    Report(SERVICE_START_PENDING);
    DWORD error = 0;
    try {
        // No FILE_CREATE_PIPE_INSTANCE permission for clients; remote clients
        // are also rejected independently of the DACL.
        Security sec(L"D:P(A;;GA;;;SY)(A;;GA;;;BA)(A;;0x00100083;;;IU)");
        Handle pipe(CreateNamedPipeW(kPipe, PIPE_ACCESS_DUPLEX | FILE_FLAG_OVERLAPPED | FILE_FLAG_FIRST_PIPE_INSTANCE,
            PIPE_TYPE_BYTE | PIPE_READMODE_BYTE | PIPE_WAIT | PIPE_REJECT_REMOTE_CLIENTS,
            1, 512, 512, 5000, &sec.sa));
        if (!pipe.valid()) Fail(L"Cannot create the local timer control pipe.");
        Handle connected(CreateEventW(nullptr, TRUE, FALSE, nullptr));
        if (!connected.valid()) Fail(L"Cannot create pipe event.");
        Report(SERVICE_RUNNING);
        while (WaitForSingleObject(stop.h, 0) == WAIT_TIMEOUT) {
            ResetEvent(connected.h);
            OVERLAPPED ov = {}; ov.hEvent = connected.h;
            BOOL ok = ConnectNamedPipe(pipe.h, &ov);
            DWORD e = ok ? ERROR_SUCCESS : GetLastError();
            if (e == ERROR_NO_DATA) { DisconnectNamedPipe(pipe.h); continue; }
            if (e == ERROR_PIPE_CONNECTED || ok) SetEvent(connected.h);
            else if (e != ERROR_IO_PENDING) Fail(L"Cannot accept a tray connection.", e);
            HANDLE waits[] = { stop.h, connected.h };
            DWORD w = WaitForMultipleObjects(2, waits, FALSE, INFINITE);
            if (w != WAIT_OBJECT_0 + 1) {
                DWORD n = 0; CancelIoEx(pipe.h, &ov); GetOverlappedResult(pipe.h, &ov, &n, TRUE);
                break;
            }
            if (e == ERROR_IO_PENDING) {
                DWORD n = 0;
                if (!GetOverlappedResult(pipe.h, &ov, &n, FALSE)) { DisconnectNamedPipe(pipe.h); continue; }
            }
            ServeClient(pipe.h);
            // DisconnectNamedPipe discards unread replies. Let the client read
            // the final acknowledgement and close, with a bounded timeout.
            DWORD discard = 0, bytes = 0;
            PipeIO(pipe.h, false, &discard, sizeof(discard), stop.h, 5000, bytes);
            DisconnectNamedPipe(pipe.h);
        }
        Report(SERVICE_STOP_PENDING);
    } catch (const Error& e) { error = e.code; }
      catch (...) { error = ERROR_GEN_FAILURE; }
    Report(SERVICE_STOPPED, error);
}

static void Install() {
    Paths p;
    ServiceHandle scm(OpenSCManagerW(nullptr, nullptr, SC_MANAGER_CONNECT | SC_MANAGER_CREATE_SERVICE));
    if (!scm.h) Fail(L"Administrator authorization is required to install.");
    CheckConflicts(scm.h);
    if (Installed()) Fail(L"Already installed. Uninstall before installing an update.", ERROR_ALREADY_EXISTS);
    Security folderSecurity(L"O:BAG:BAD:P(A;OICI;FA;;;SY)(A;OICI;FA;;;BA)(A;OICI;GRGX;;;BU)");
    // CREATE_NEW semantics: never trust or overwrite a pre-existing directory.
    Check(CreateDirectoryW(p.dir.c_str(), &folderSecurity.sa),
        L"Cannot create the protected install folder. Remove an old installation first.");
    ServiceHandle driver, broker;
    bool copied = false, extracted = false;
    try {
        // Create the copy with explicit ownership/DACL instead of preserving
        // any source file permissions. Hold the source against write/delete.
        Security fileSecurity(L"O:BAG:BAD:P(A;;FA;;;SY)(A;;FA;;;BA)(A;;GRGX;;;BU)");
        {
            Handle source(CreateFileW(SelfPath().c_str(), GENERIC_READ, FILE_SHARE_READ,
                nullptr, OPEN_EXISTING, FILE_FLAG_SEQUENTIAL_SCAN, nullptr));
            if (!source.valid()) Fail(L"Cannot read the source executable.");
            Handle dest(CreateFileW(p.exe.c_str(), GENERIC_WRITE, 0, &fileSecurity.sa,
                CREATE_NEW, FILE_ATTRIBUTE_NORMAL, nullptr));
            if (!dest.valid()) Fail(L"Cannot create the protected service executable.");
            copied = true;
            BYTE buffer[16384];
            for (;;) {
                DWORD n = 0, written = 0;
                Check(ReadFile(source.h, buffer, sizeof(buffer), &n, nullptr), L"Cannot read the source executable.");
                if (!n) break;
                Check(WriteFile(dest.h, buffer, n, &written, nullptr), L"Cannot write the service executable.");
                if (written != n) Fail(L"Incomplete executable copy.", ERROR_WRITE_FAULT);
            }
            Check(FlushFileBuffers(dest.h), L"Cannot flush the service executable.");
        }
        {
            Handle f(CreateFileW(p.driver.c_str(), GENERIC_WRITE, 0, &fileSecurity.sa,
                CREATE_NEW, FILE_ATTRIBUTE_NORMAL, nullptr));
            if (!f.valid()) Fail(L"Cannot extract the embedded driver.");
            extracted = true; DWORD n = 0;
            Check(WriteFile(f.h, kDriver, sizeof(kDriver), &n, nullptr), L"Cannot write the driver.");
            if (n != sizeof(kDriver)) Fail(L"Incomplete driver write.", ERROR_WRITE_FAULT);
            Check(FlushFileBuffers(f.h), L"Cannot flush the driver.");
        }
        driver.h = CreateServiceW(scm.h, kDriverService, L"timer delta fixer driver",
            SERVICE_ALL_ACCESS, SERVICE_KERNEL_DRIVER, SERVICE_DEMAND_START, SERVICE_ERROR_NORMAL,
            p.driver.c_str(), nullptr, nullptr, nullptr, nullptr, nullptr);
        if (!driver.h) Fail(L"Cannot install the driver service.");
        // Only SYSTEM and administrators can manage the kernel driver service.
        Security driverSecurity(L"D:P(A;;GA;;;SY)(A;;GA;;;BA)");
        Check(SetServiceObjectSecurity(driver.h, DACL_SECURITY_INFORMATION, driverSecurity.sd), L"Cannot secure the driver service.");
        broker.h = CreateServiceW(scm.h, kBroker, kTitle,
            SERVICE_ALL_ACCESS, SERVICE_WIN32_OWN_PROCESS, SERVICE_AUTO_START, SERVICE_ERROR_NORMAL,
            p.command.c_str(), nullptr, nullptr, nullptr, nullptr, nullptr);
        if (!broker.h) Fail(L"Cannot install the timer broker service.");
        // Interactive users may query/start this fixed broker, never alter it.
        Security brokerSecurity(L"D:P(A;;GA;;;SY)(A;;GA;;;BA)(A;;CCLCRPRC;;;IU)");
        Check(SetServiceObjectSecurity(broker.h, DACL_SECURITY_INFORMATION, brokerSecurity.sd), L"Cannot secure the broker service.");
        SC_ACTION restart[] = { { SC_ACTION_RESTART, 2000 } };
        SERVICE_FAILURE_ACTIONSW recovery = { 86400, nullptr, nullptr, 1, restart };
        Check(ChangeServiceConfig2W(broker.h, SERVICE_CONFIG_FAILURE_ACTIONS, &recovery), L"Cannot configure broker recovery.");
        // Verify load + IOCTL now, so the installer cannot report success when
        // Windows rejects the driver. Release immediately; the tray owns use.
        { TimerLease test; test.acquire(); DWORD e = test.release(); if (e) Fail(L"Cannot unload the installation test driver.", e); }
        Start(broker.h);
    } catch (...) {
        bool stopped = true;
        if (broker.h) { try { Stop(broker.h); } catch (...) { stopped = false; } }
        if (driver.h) { try { Stop(driver.h); } catch (...) { stopped = false; } }
        if (stopped) {
            if (broker.h) DeleteService(broker.h);
            if (driver.h) DeleteService(driver.h);
            if (extracted) DeleteFileW(p.driver.c_str());
            if (copied) DeleteFileW(p.exe.c_str());
            RemoveDirectoryW(p.dir.c_str());
        }
        throw;
    }
}
static void Uninstall() {
    Paths p;
    if (_wcsicmp(SelfPath().c_str(), p.exe.c_str()) == 0)
        Fail(L"Run --uninstall from the portable EXE outside the installation folder.", ERROR_INVALID_PARAMETER);
    ServiceHandle scm(OpenSCManagerW(nullptr, nullptr, SC_MANAGER_CONNECT));
    if (!scm.h) Fail(L"Cannot connect to Service Control Manager.");
    const DWORD rights = SERVICE_QUERY_STATUS | SERVICE_QUERY_CONFIG | SERVICE_STOP | DELETE;
    ServiceHandle broker(OpenServiceW(scm.h, kBroker, rights));
    if (!broker.h && GetLastError() != ERROR_SERVICE_DOES_NOT_EXIST) Fail(L"Cannot open the broker for removal.");
    ServiceHandle driver(OpenServiceW(scm.h, kDriverService, rights));
    if (!driver.h && GetLastError() != ERROR_SERVICE_DOES_NOT_EXIST) Fail(L"Cannot open the driver for removal.");
    if (broker.h) VerifyConfig(broker.h, p.command, SERVICE_WIN32_OWN_PROCESS);
    if (driver.h) VerifyConfig(driver.h, p.driver, SERVICE_KERNEL_DRIVER);
    Handle process;
    if (broker.h) {
        DWORD pid = Status(broker.h).dwProcessId;
        if (pid) {
            process.reset(OpenProcess(SYNCHRONIZE, FALSE, pid));
            if (!process.valid() && GetLastError() != ERROR_INVALID_PARAMETER)
                Fail(L"Cannot wait for the broker process to exit.");
        }
        Stop(broker.h);
        if (process.valid() && WaitForSingleObject(process.h, 15000) != WAIT_OBJECT_0)
            Fail(L"The broker process has not exited yet. Retry removal.", ERROR_TIMEOUT);
    }
    if (driver.h) Stop(driver.h);
    if (broker.h) Check(DeleteService(broker.h), L"Cannot remove the broker service.");
    if (driver.h) Check(DeleteService(driver.h), L"Cannot remove the driver service.");
    for (const auto& path : { p.driver, p.exe }) {
        if (!DeleteFileW(path.c_str()) && GetLastError() != ERROR_FILE_NOT_FOUND)
            Fail(L"Cannot delete an installed file. Close running copies and retry --uninstall.");
    }
    if (!RemoveDirectoryW(p.dir.c_str()) && GetLastError() != ERROR_PATH_NOT_FOUND && GetLastError() != ERROR_FILE_NOT_FOUND)
        Fail(L"Cannot remove the installation folder.");
}
static DWORD ElevatedChild(const wchar_t* args) {
    std::wstring self = SelfPath();
    SHELLEXECUTEINFOW se = {};
    se.cbSize = sizeof(se);
    se.fMask = SEE_MASK_NOCLOSEPROCESS | SEE_MASK_NOASYNC;
    se.lpVerb = L"runas"; se.lpFile = self.c_str(); se.lpParameters = args; se.nShow = SW_HIDE;
    Check(ShellExecuteExW(&se), L"Installation/removal needs administrator approval.");
    Handle process(se.hProcess);
    Check(WaitForSingleObject(process.h, INFINITE) == WAIT_OBJECT_0, L"Cannot wait for setup.");
    DWORD code = 1;
    Check(GetExitCodeProcess(process.h, &code), L"Cannot read setup result.");
    return code;
}

static HANDLE OpenBrokerPipe() {
    Paths p;
    ServiceHandle scm(OpenSCManagerW(nullptr, nullptr, SC_MANAGER_CONNECT));
    if (!scm.h) Fail(L"Cannot connect to Service Control Manager.");
    ServiceHandle service(OpenServiceW(scm.h, kBroker, SERVICE_QUERY_CONFIG | SERVICE_QUERY_STATUS | SERVICE_START));
    if (!service.h) Fail(L"Cannot open the installed broker.");
    VerifyConfig(service.h, p.command, SERVICE_WIN32_OWN_PROCESS);
    Start(service.h); // allowed by the limited service DACL; no UAC
    ULONGLONG until = GetTickCount64() + 3000;
    Handle pipe;
    for (;;) {
        pipe.reset(CreateFileW(kPipe, FILE_READ_DATA | FILE_WRITE_DATA | FILE_READ_ATTRIBUTES | SYNCHRONIZE,
            0, nullptr, OPEN_EXISTING, FILE_FLAG_OVERLAPPED | SECURITY_SQOS_PRESENT | SECURITY_IDENTIFICATION, nullptr));
        if (pipe.valid()) break;
        DWORD e = GetLastError();
        if (e != ERROR_PIPE_BUSY && e != ERROR_FILE_NOT_FOUND) Fail(L"Cannot connect to the timer broker.", e);
        if (GetTickCount64() >= until)
            Fail(L"The timer broker is busy or unavailable. Only one tray can be active per PC.", ERROR_PIPE_BUSY);
        Sleep(50); // bounded connection startup only
    }
    ULONG serverPid = 0;
    Check(GetNamedPipeServerProcessId(pipe.h, &serverPid), L"Cannot verify broker identity.");
    auto st = Status(service.h);
    if (st.dwCurrentState != SERVICE_RUNNING || !serverPid || st.dwProcessId != serverPid)
        Fail(L"The pipe server is not the installed service.", ERROR_ACCESS_DENIED);
    DWORD hello = kHello, n = 0;
    DWORD e = PipeIO(pipe.h, true, &hello, sizeof(hello), nullptr, 5000, n);
    if (e) Fail(L"Cannot request the timer.", e);
    Reply reply = {};
    e = PipeIO(pipe.h, false, &reply, sizeof(reply), nullptr, 20000, n);
    if (e) Fail(L"The timer broker did not respond.", e);
    if (reply.magic != kHello) Fail(L"Unexpected broker protocol.", ERROR_INVALID_DATA);
    if (reply.error) Fail(L"The broker could not activate the driver timer.", reply.error);
    if (!reply.actualUs || reply.actualUs > 1100) Fail(L"Unexpected timer interval.", ERROR_INVALID_DATA);
    HANDLE result = pipe.h; pipe.h = nullptr; return result;
}

static NOTIFYICONDATAW gIcon = {};
static bool gIconAdded = false, gIconV4 = false, gExit = false, gSessionEnd = false;
static UINT gTaskbarCreated = 0;
static HICON SquareIcon() {
    BITMAPV5HEADER header = {};
    header.bV5Size = sizeof(header); header.bV5Width = 16; header.bV5Height = -16;
    header.bV5Planes = 1; header.bV5BitCount = 32; header.bV5Compression = BI_BITFIELDS;
    header.bV5RedMask = 0x00ff0000; header.bV5GreenMask = 0x0000ff00;
    header.bV5BlueMask = 0x000000ff; header.bV5AlphaMask = 0xff000000;
    void* bits = nullptr;
    HBITMAP color = CreateDIBSection(nullptr, reinterpret_cast<BITMAPINFO*>(&header), DIB_RGB_COLORS, &bits, nullptr, 0);
    if (!color) return nullptr;
    DWORD* pixels = static_cast<DWORD*>(bits);
    for (int y = 0; y < 16; ++y) for (int x = 0; x < 16; ++x)
        pixels[y * 16 + x] = (x == 0 || x == 15 || y == 0 || y == 15) ? 0xff141414 : 0xff3cc85a;
    BYTE maskBits[32] = {};
    HBITMAP mask = CreateBitmap(16, 16, 1, 1, maskBits);
    ICONINFO ii = {}; ii.fIcon = TRUE; ii.hbmColor = color; ii.hbmMask = mask;
    HICON icon = mask ? CreateIconIndirect(&ii) : nullptr;
    if (mask) DeleteObject(mask);
    DeleteObject(color);
    return icon;
}
static bool AddIcon() {
    if (!Shell_NotifyIconW(NIM_ADD, &gIcon)) return false;
    gIconAdded = true; gIcon.uVersion = NOTIFYICON_VERSION_4;
    gIconV4 = Shell_NotifyIconW(NIM_SETVERSION, &gIcon) != FALSE;
    return true;
}
static LRESULT CALLBACK WindowProc(HWND w, UINT msg, WPARAM wp, LPARAM lp) {
    if (gTaskbarCreated && msg == gTaskbarCreated) {
        gIconAdded = false;
        if (!AddIcon()) { gExit = true; PostQuitMessage(1); }
        return 0;
    }
    switch (msg) {
    case kTrayMessage: {
        UINT e = gIconV4 ? LOWORD(lp) : static_cast<UINT>(lp);
        if ((gIconV4 && (e == NIN_SELECT || e == NIN_KEYSELECT || e == WM_CONTEXTMENU)) ||
            (!gIconV4 && (e == WM_LBUTTONUP || e == WM_RBUTTONUP))) {
            HMENU menu = CreatePopupMenu(); if (!menu) return 0;
            AppendMenuW(menu, MF_STRING | MF_DISABLED, 0, kTitle);
            AppendMenuW(menu, MF_SEPARATOR, 0, nullptr);
            AppendMenuW(menu, MF_STRING, 1, L"Exit");
            POINT pt = {}; GetCursorPos(&pt); SetForegroundWindow(w);
            UINT chosen = static_cast<UINT>(TrackPopupMenu(menu, TPM_RETURNCMD | TPM_NONOTIFY | TPM_RIGHTBUTTON,
                pt.x, pt.y, 0, w, nullptr));
            DestroyMenu(menu); PostMessageW(w, WM_NULL, 0, 0);
            if (chosen == 1) { gExit = true; PostQuitMessage(0); }
        }
        return 0;
    }
    case WM_QUERYENDSESSION: return TRUE;
    case WM_ENDSESSION:
        if (wp) { gSessionEnd = true; gExit = true; PostQuitMessage(0); }
        return 0;
    case WM_CLOSE: gExit = true; PostQuitMessage(0); return 0;
    }
    return DefWindowProcW(w, msg, wp, lp);
}
static void RunTray(HINSTANCE instance) {
    Handle singleton(CreateMutexW(nullptr, FALSE, L"Local\\TimerDeltaFixer.Tray.v1"));
    if (!singleton.valid()) Fail(L"Cannot create the tray instance lock.");
    if (GetLastError() == ERROR_ALREADY_EXISTS) return;
    Handle pipe(OpenBrokerPipe());
    Handle disconnected(CreateEventW(nullptr, TRUE, FALSE, nullptr));
    if (!disconnected.valid()) Fail(L"Cannot create the broker monitor.");
    Reply done = {}; OVERLAPPED watch = {}; watch.hEvent = disconnected.h;
    DWORD n = 0;
    BOOL ok = ReadFile(pipe.h, &done, sizeof(done), &n, &watch);
    if (!ok && GetLastError() != ERROR_IO_PENDING) Fail(L"The broker connection closed unexpectedly.");
    HWND window = nullptr; HICON icon = nullptr;
    DWORD monitorError = 0, releaseError = 0;
    try {
        gTaskbarCreated = RegisterWindowMessageW(L"TaskbarCreated");
        WNDCLASSW wc = {}; wc.lpfnWndProc = WindowProc; wc.hInstance = instance;
        wc.lpszClassName = L"TimerDeltaFixer.Tray.Window.v1";
        if (!gTaskbarCreated || !RegisterClassW(&wc)) Fail(L"Cannot register the tray window.");
        // Hidden top-level window receives Explorer restart broadcasts.
        window = CreateWindowExW(0, wc.lpszClassName, kTitle, WS_OVERLAPPED,
            0, 0, 0, 0, nullptr, nullptr, instance, nullptr);
        if (!window) Fail(L"Cannot create the tray window.");
        ChangeWindowMessageFilterEx(window, gTaskbarCreated, MSGFLT_ALLOW, nullptr);
        icon = SquareIcon();
        if (!icon) Fail(L"Cannot create the tray icon.");
        gIcon.cbSize = sizeof(gIcon); gIcon.hWnd = window; gIcon.uID = 1;
        gIcon.uFlags = NIF_ICON | NIF_MESSAGE | NIF_TIP | NIF_SHOWTIP;
        gIcon.hIcon = icon; gIcon.uCallbackMessage = kTrayMessage;
        StringCchCopyW(gIcon.szTip, ARRAYSIZE(gIcon.szTip), kTitle);
        if (!AddIcon()) Fail(L"Cannot add the notification-area icon.", ERROR_GEN_FAILURE);
        while (!gExit) {
            DWORD w = MsgWaitForMultipleObjectsEx(1, &disconnected.h, INFINITE, QS_ALLINPUT, MWMO_INPUTAVAILABLE);
            if (w == WAIT_OBJECT_0) { monitorError = ERROR_BROKEN_PIPE; break; }
            if (w == WAIT_FAILED) { monitorError = GetLastError(); break; }
            MSG m;
            while (PeekMessageW(&m, nullptr, 0, 0, PM_REMOVE)) {
                if (m.message == WM_QUIT) { gExit = true; break; }
                TranslateMessage(&m); DispatchMessageW(&m);
            }
        }
        if (!monitorError && !gSessionEnd) {
            DWORD command = kRelease;
            releaseError = PipeIO(pipe.h, true, &command, sizeof(command), nullptr, 5000, n);
            if (!releaseError) {
                DWORD wait = WaitForSingleObject(disconnected.h, 20000);
                if (wait != WAIT_OBJECT_0) releaseError = ERROR_TIMEOUT;
                else if (!GetOverlappedResult(pipe.h, &watch, &n, FALSE)) releaseError = GetLastError();
                else if (n != sizeof(done) || done.magic != kRelease) releaseError = ERROR_INVALID_DATA;
                else releaseError = done.error;
            }
        }
    } catch (...) {
        CancelIoEx(pipe.h, &watch); GetOverlappedResult(pipe.h, &watch, &n, TRUE);
        pipe.reset();
        if (gIconAdded) { Shell_NotifyIconW(NIM_DELETE, &gIcon); gIconAdded = false; }
        if (window) DestroyWindow(window);
        if (icon) DestroyIcon(icon);
        throw;
    }
    CancelIoEx(pipe.h, &watch); GetOverlappedResult(pipe.h, &watch, &n, TRUE);
    pipe.reset(); // fallback release even after timeout, logoff or protocol failure
    if (gIconAdded) { Shell_NotifyIconW(NIM_DELETE, &gIcon); gIconAdded = false; }
    if (window) DestroyWindow(window);
    if (icon) DestroyIcon(icon);
    if (monitorError && !gSessionEnd) Fail(L"The broker stopped or disconnected. The timer is no longer held by this tray.", monitorError);
    if (releaseError && !gSessionEnd) Fail(L"The tray disconnected, but clean driver shutdown was not confirmed.", releaseError);
}
int WINAPI wWinMain(HINSTANCE instance, HINSTANCE, PWSTR, int) {
    try {
        SYSTEM_INFO system = {}; GetNativeSystemInfo(&system);
        if (system.wProcessorArchitecture != PROCESSOR_ARCHITECTURE_AMD64)
            Fail(L"This build requires x64 Windows on an Intel/AMD processor.", ERROR_NOT_SUPPORTED);
        int argc = 0; LPWSTR* argv = CommandLineToArgvW(GetCommandLineW(), &argc);
        if (!argv) Fail(L"Cannot read command line.");
        std::wstring mode = argc == 2 ? argv[1] : L"";
        bool badArgs = argc > 2; LocalFree(argv);
        if (badArgs) Fail(L"Usage: timerfix.exe [--install | --uninstall]", ERROR_INVALID_PARAMETER);
        if (mode == L"--service") {
            SERVICE_TABLE_ENTRYW table[] = { { const_cast<LPWSTR>(kBroker), ServiceMain }, { nullptr, nullptr } };
            Check(StartServiceCtrlDispatcherW(table), L"Service mode can only be started by Windows.");
            return 0;
        }
        if (mode == L"--install" || mode == L"--uninstall") {
            if (!Elevated()) return static_cast<int>(ElevatedChild(mode.c_str()));
            if (mode == L"--install") Install();
            else { Uninstall(); MessageBoxW(nullptr, L"timer delta fixer has been uninstalled.", kTitle, MB_OK | MB_ICONINFORMATION); }
            return 0;
        }
        if (!mode.empty()) Fail(L"Unknown command line option.", ERROR_INVALID_PARAMETER);
        if (!Installed()) {
            DWORD result = ElevatedChild(L"--install");
            if (result) return static_cast<int>(result); // elevated child already displayed its error
        }
        RunTray(instance);
        return 0;
    } catch (const Error& e) { ShowError(e); }
      catch (const std::bad_alloc&) { ShowError({ L"Not enough memory.", ERROR_NOT_ENOUGH_MEMORY }); }
      catch (...) { ShowError({ L"Unexpected application error.", ERROR_GEN_FAILURE }); }
    return 1;
}
